run_id,run_utc,date,home,away,home_odds,away_odds,captured_at_utc
22131506293,2026-02-18 08:03:05,2026-02-28,Canterbury Bulldogs,St George Illawarra Dragons,1.55,2.64,2026-02-18 08:02:59
22131506293,2026-02-18 08:03:05,2026-03-01,Newcastle Knights,North Queensland Cowboys,2.46,1.65,2026-02-18 08:02:59
22131506293,2026-02-18 08:03:05,2026-03-05,Melbourne Storm,Parramatta Eels,1.38,3.06,2026-02-18 08:02:59
22131506293,2026-02-18 08:03:05,2026-03-06,New Zealand Warriors,Sydney Roosters,2.9,1.57,2026-02-18 08:02:59
22131506293,2026-02-18 08:03:05,2026-03-06,Brisbane Broncos,Penrith Panthers,1.65,2.3,2026-02-18 08:02:59
22131506293,2026-02-18 08:03:05,2026-03-07,Cronulla Sutherland Sharks,Gold Coast Titans,1.35,3.4,2026-02-18 08:02:59
22131506293,2026-02-18 08:03:05,2026-03-07,Manly Warringah Sea Eagles,Canberra Raiders,1.97,2.0,2026-02-18 08:02:59
22131506293,2026-02-18 08:03:05,2026-03-08,Dolphins,South Sydney Rabbitohs,1.65,2.26,2026-02-18 08:02:59
22132755014,2026-02-18 08:47:15,2026-02-28,Canterbury Bulldogs,St George Illawarra Dragons,1.55,2.64,2026-02-18 08:47:13
22132755014,2026-02-18 08:47:15,2026-03-01,Newcastle Knights,North Queensland Cowboys,2.46,1.65,2026-02-18 08:47:13
22132755014,2026-02-18 08:47:15,2026-03-05,Melbourne Storm,Parramatta Eels,1.38,3.06,2026-02-18 08:47:13
22132755014,2026-02-18 08:47:15,2026-03-06,New Zealand Warriors,Sydney Roosters,2.9,1.57,2026-02-18 08:47:13
22132755014,2026-02-18 08:47:15,2026-03-06,Brisbane Broncos,Penrith Panthers,1.65,2.3,2026-02-18 08:47:13
22132755014,2026-02-18 08:47:15,2026-03-07,Cronulla Sutherland Sharks,Gold Coast Titans,1.35,3.4,2026-02-18 08:47:13
22132755014,2026-02-18 08:47:15,2026-03-07,Manly Warringah Sea Eagles,Canberra Raiders,1.97,2.0,2026-02-18 08:47:13
22132755014,2026-02-18 08:47:15,2026-03-08,Dolphins,South Sydney Rabbitohs,1.65,2.26,2026-02-18 08:47:13
22133108940,2026-02-18 08:59:16,2026-02-28,Canterbury Bulldogs,St George Illawarra Dragons,1.55,2.64,2026-02-18 08:59:13
22133108940,2026-02-18 08:59:16,2026-03-01,Newcastle Knights,North Queensland Cowboys,2.46,1.65,2026-02-18 08:59:13
22133108940,2026-02-18 08:59:16,2026-03-05,Melbourne Storm,Parramatta Eels,1.38,3.06,2026-02-18 08:59:13
22133108940,2026-02-18 08:59:16,2026-03-06,New Zealand Warriors,Sydney Roosters,2.9,1.57,2026-02-18 08:59:13
22133108940,2026-02-18 08:59:16,2026-03-06,Brisbane Broncos,Penrith Panthers,1.65,2.3,2026-02-18 08:59:13
22133108940,2026-02-18 08:59:16,2026-03-07,Cronulla Sutherland Sharks,Gold Coast Titans,1.35,3.4,2026-02-18 08:59:13
22133108940,2026-02-18 08:59:16,2026-03-07,Manly Warringah Sea Eagles,Canberra Raiders,1.97,2.0,2026-02-18 08:59:13
22133108940,2026-02-18 08:59:16,2026-03-08,Dolphins,South Sydney Rabbitohs,1.65,2.26,2026-02-18 08:59:13
22133545924,2026-02-18 09:13:35,2026-02-28,Canterbury Bulldogs,St George Illawarra Dragons,1.55,2.64,2026-02-18 09:13:32
22133545924,2026-02-18 09:13:35,2026-03-01,Newcastle Knights,North Queensland Cowboys,2.46,1.65,2026-02-18 09:13:32
22133545924,2026-02-18 09:13:35,2026-03-05,Melbourne Storm,Parramatta Eels,1.38,3.06,2026-02-18 09:13:32
22133545924,2026-02-18 09:13:35,2026-03-06,New Zealand Warriors,Sydney Roosters,2.9,1.57,2026-02-18 09:13:32
22133545924,2026-02-18 09:13:35,2026-03-06,Brisbane Broncos,Penrith Panthers,1.65,2.3,2026-02-18 09:13:32
22133545924,2026-02-18 09:13:35,2026-03-07,Cronulla Sutherland Sharks,Gold Coast Titans,1.35,3.4,2026-02-18 09:13:32
22133545924,2026-02-18 09:13:35,2026-03-07,Manly Warringah Sea Eagles,Canberra Raiders,1.97,2.0,2026-02-18 09:13:32
22133545924,2026-02-18 09:13:35,2026-03-08,Dolphins,South Sydney Rabbitohs,1.65,2.26,2026-02-18 09:13:32
22135009745,2026-02-18 09:58:42,2026-02-28,Canterbury Bulldogs,St George Illawarra Dragons,1.55,2.64,2026-02-18 09:58:39
22135009745,2026-02-18 09:58:42,2026-03-01,Newcastle Knights,North Queensland Cowboys,2.46,1.65,2026-02-18 09:58:39
22135009745,2026-02-18 09:58:42,2026-03-05,Melbourne Storm,Parramatta Eels,1.38,3.06,2026-02-18 09:58:39
22135009745,2026-02-18 09:58:42,2026-03-06,New Zealand Warriors,Sydney Roosters,2.9,1.57,2026-02-18 09:58:39
22135009745,2026-02-18 09:58:42,2026-03-06,Brisbane Broncos,Penrith Panthers,1.65,2.3,2026-02-18 09:58:39
22135009745,2026-02-18 09:58:42,2026-03-07,Cronulla Sutherland Sharks,Gold Coast Titans,1.35,3.4,2026-02-18 09:58:39
22135009745,2026-02-18 09:58:42,2026-03-07,Manly Warringah Sea Eagles,Canberra Raiders,1.97,2.0,2026-02-18 09:58:39
22135009745,2026-02-18 09:58:42,2026-03-08,Dolphins,South Sydney Rabbitohs,1.65,2.26,2026-02-18 09:58:39
22159130432,2026-02-18 21:53:45,2026-02-28,Canterbury Bulldogs,St George Illawarra Dragons,1.55,2.64,2026-02-18 21:53:42
22159130432,2026-02-18 21:53:45,2026-03-01,Newcastle Knights,North Queensland Cowboys,2.46,1.65,2026-02-18 21:53:42
22159130432,2026-02-18 21:53:45,2026-03-05,Melbourne Storm,Parramatta Eels,1.38,3.06,2026-02-18 21:53:42
22159130432,2026-02-18 21:53:45,2026-03-06,New Zealand Warriors,Sydney Roosters,2.9,1.57,2026-02-18 21:53:42
22159130432,2026-02-18 21:53:45,2026-03-06,Brisbane Broncos,Penrith Panthers,1.65,2.3,2026-02-18 21:53:42
22159130432,2026-02-18 21:53:45,2026-03-07,Cronulla Sutherland Sharks,Gold Coast Titans,1.35,3.4,2026-02-18 21:53:42
22159130432,2026-02-18 21:53:45,2026-03-07,Manly Warringah Sea Eagles,Canberra Raiders,1.97,2.0,2026-02-18 21:53:42
22159130432,2026-02-18 21:53:45,2026-03-08,Dolphins,South Sydney Rabbitohs,1.65,2.26,2026-02-18 21:53:42
22201717695,2026-02-19 21:56:10,2026-02-28,Canterbury Bulldogs,St George Illawarra Dragons,1.55,2.64,2026-02-19 21:56:08
22201717695,2026-02-19 21:56:10,2026-03-01,Newcastle Knights,North Queensland Cowboys,2.46,1.65,2026-02-19 21:56:08
22201717695,2026-02-19 21:56:10,2026-03-05,Melbourne Storm,Parramatta Eels,1.38,3.06,2026-02-19 21:56:08
22201717695,2026-02-19 21:56:10,2026-03-06,New Zealand Warriors,Sydney Roosters,2.9,1.57,2026-02-19 21:56:08
22201717695,2026-02-19 21:56:10,2026-03-06,Brisbane Broncos,Penrith Panthers,1.71,2.25,2026-02-19 21:56:08
22201717695,2026-02-19 21:56:10,2026-03-07,Cronulla Sutherland Sharks,Gold Coast Titans,1.35,3.4,2026-02-19 21:56:08
22201717695,2026-02-19 21:56:10,2026-03-07,Manly Warringah Sea Eagles,Canberra Raiders,1.97,2.0,2026-02-19 21:56:08
22201717695,2026-02-19 21:56:10,2026-03-08,Dolphins,South Sydney Rabbitohs,1.65,2.26,2026-02-19 21:56:08
22209102251,2026-02-20 02:40:30,2026-02-28,Canterbury Bulldogs,St George Illawarra Dragons,1.49,2.64,2026-02-20 02:40:26
22209102251,2026-02-20 02:40:30,2026-03-01,Newcastle Knights,North Queensland Cowboys,2.46,1.65,2026-02-20 02:40:26
22209102251,2026-02-20 02:40:30,2026-03-05,Melbourne Storm,Parramatta Eels,1.38,3.06,2026-02-20 02:40:26
22209102251,2026-02-20 02:40:30,2026-03-06,New Zealand Warriors,Sydney Roosters,2.56,1.57,2026-02-20 02:40:26
22209102251,2026-02-20 02:40:30,2026-03-06,Brisbane Broncos,Penrith Panthers,1.71,2.25,2026-02-20 02:40:26
22209102251,2026-02-20 02:40:30,2026-03-07,Cronulla Sutherland Sharks,Gold Coast Titans,1.35,3.4,2026-02-20 02:40:26
22209102251,2026-02-20 02:40:30,2026-03-07,Manly Warringah Sea Eagles,Canberra Raiders,1.97,1.87,2026-02-20 02:40:26
22209102251,2026-02-20 02:40:30,2026-03-08,Dolphins,South Sydney Rabbitohs,1.65,2.26,2026-02-20 02:40:26
22210939359,2026-02-20 04:11:19,2026-02-28,Canterbury Bulldogs,St George Illawarra Dragons,1.49,2.64,2026-02-20 04:11:15
22210939359,2026-02-20 04:11:19,2026-03-01,Newcastle Knights,North Queensland Cowboys,2.46,1.65,2026-02-20 04:11:15
22210939359,2026-02-20 04:11:19,2026-03-05,Melbourne Storm,Parramatta Eels,1.38,3.06,2026-02-20 04:11:15
22210939359,2026-02-20 04:11:19,2026-03-06,New Zealand Warriors,Sydney Roosters,2.56,1.57,2026-02-20 04:11:15
22210939359,2026-02-20 04:11:19,2026-03-06,Brisbane Broncos,Penrith Panthers,1.71,2.25,2026-02-20 04:11:15
22210939359,2026-02-20 04:11:19,2026-03-07,Cronulla Sutherland Sharks,Gold Coast Titans,1.35,3.4,2026-02-20 04:11:15
22210939359,2026-02-20 04:11:19,2026-03-07,Manly Warringah Sea Eagles,Canberra Raiders,1.97,1.87,2026-02-20 04:11:15
22210939359,2026-02-20 04:11:19,2026-03-08,Dolphins,South Sydney Rabbitohs,1.65,2.26,2026-02-20 04:11:15
22211291049,2026-02-20 04:28:10,2026-02-28,Canterbury Bulldogs,St George Illawarra Dragons,1.49,2.64,2026-02-20 04:28:05
22211291049,2026-02-20 04:28:10,2026-03-01,Newcastle Knights,North Queensland Cowboys,2.46,1.65,2026-02-20 04:28:05
22211291049,2026-02-20 04:28:10,2026-03-05,Melbourne Storm,Parramatta Eels,1.38,3.06,2026-02-20 04:28:05
22211291049,2026-02-20 04:28:10,2026-03-06,New Zealand Warriors,Sydney Roosters,2.56,1.57,2026-02-20 04:28:05
22211291049,2026-02-20 04:28:10,2026-03-06,Brisbane Broncos,Penrith Panthers,1.71,2.25,2026-02-20 04:28:05
22211291049,2026-02-20 04:28:10,2026-03-07,Cronulla Sutherland Sharks,Gold Coast Titans,1.35,3.4,2026-02-20 04:28:05
22211291049,2026-02-20 04:28:10,2026-03-07,Manly Warringah Sea Eagles,Canberra Raiders,1.97,1.87,2026-02-20 04:28:05
22211291049,2026-02-20 04:28:10,2026-03-08,Dolphins,South Sydney Rabbitohs,1.65,2.26,2026-02-20 04:28:05
22213520214,2026-02-20 06:10:41,2026-02-28,Canterbury Bulldogs,St George Illawarra Dragons,1.52,2.66,2026-02-20 06:10:38
22213520214,2026-02-20 06:10:41,2026-03-01,Newcastle Knights,North Queensland Cowboys,2.59,1.53,2026-02-20 06:10:38
22213520214,2026-02-20 06:10:41,2026-03-05,Melbourne Storm,Parramatta Eels,1.4,3.06,2026-02-20 06:10:38
22213520214,2026-02-20 06:10:41,2026-03-06,New Zealand Warriors,Sydney Roosters,2.9,1.57,2026-02-20 06:10:38
22213520214,2026-02-20 06:10:41,2026-03-06,Brisbane Broncos,Penrith Panthers,1.71,2.25,2026-02-20 06:10:38
22213520214,2026-02-20 06:10:41,2026-03-07,Cronulla Sutherland Sharks,Gold Coast Titans,1.35,3.4,2026-02-20 06:10:38
22213520214,2026-02-20 06:10:41,2026-03-07,Manly Warringah Sea Eagles,Canberra Raiders,1.97,2.0,2026-02-20 06:10:38
22213520214,2026-02-20 06:10:41,2026-03-08,Dolphins,South Sydney Rabbitohs,1.65,2.26,2026-02-20 06:10:38
22213665489,2026-02-20 06:16:53,2026-02-28,Canterbury Bulldogs,St George Illawarra Dragons,1.52,2.66,2026-02-20 06:16:49
22213665489,2026-02-20 06:16:53,2026-03-01,Newcastle Knights,North Queensland Cowboys,2.59,1.53,2026-02-20 06:16:49
22213665489,2026-02-20 06:16:53,2026-03-05,Melbourne Storm,Parramatta Eels,1.4,3.06,2026-02-20 06:16:49
22213665489,2026-02-20 06:16:53,2026-03-06,New Zealand Warriors,Sydney Roosters,2.9,1.57,2026-02-20 06:16:49
22213665489,2026-02-20 06:16:53,2026-03-06,Brisbane Broncos,Penrith Panthers,1.71,2.25,2026-02-20 06:16:49
22213665489,2026-02-20 06:16:53,2026-03-07,Cronulla Sutherland Sharks,Gold Coast Titans,1.35,3.4,2026-02-20 06:16:49
22213665489,2026-02-20 06:16:53,2026-03-07,Manly Warringah Sea Eagles,Canberra Raiders,1.97,2.0,2026-02-20 06:16:49
22213665489,2026-02-20 06:16:53,2026-03-08,Dolphins,South Sydney Rabbitohs,1.65,2.26,2026-02-20 06:16:49
22213766844,2026-02-20 06:21:07,2026-02-28,Canterbury Bulldogs,St George Illawarra Dragons,1.52,2.66,2026-02-20 06:21:03
22213766844,2026-02-20 06:21:07,2026-03-01,Newcastle Knights,North Queensland Cowboys,2.59,1.53,2026-02-20 06:21:03
22213766844,2026-02-20 06:21:07,2026-03-05,Melbourne Storm,Parramatta Eels,1.4,3.06,2026-02-20 06:21:03
22213766844,2026-02-20 06:21:07,2026-03-06,New Zealand Warriors,Sydney Roosters,2.9,1.57,2026-02-20 06:21:03
22213766844,2026-02-20 06:21:07,2026-03-06,Brisbane Broncos,Penrith Panthers,1.71,2.25,2026-02-20 06:21:03
22213766844,2026-02-20 06:21:07,2026-03-07,Cronulla Sutherland Sharks,Gold Coast Titans,1.35,3.4,2026-02-20 06:21:03
22213766844,2026-02-20 06:21:07,2026-03-07,Manly Warringah Sea Eagles,Canberra Raiders,1.97,2.0,2026-02-20 06:21:03
22213766844,2026-02-20 06:21:07,2026-03-08,Dolphins,South Sydney Rabbitohs,1.65,2.26,2026-02-20 06:21:03
22214098202,2026-02-20 06:34:55,2026-02-28,Canterbury Bulldogs,St George Illawarra Dragons,1.52,2.66,2026-02-20 06:34:52
22214098202,2026-02-20 06:34:55,2026-03-01,Newcastle Knights,North Queensland Cowboys,2.59,1.53,2026-02-20 06:34:52
22214098202,2026-02-20 06:34:55,2026-03-05,Melbourne Storm,Parramatta Eels,1.4,3.06,2026-02-20 06:34:52
22214098202,2026-02-20 06:34:55,2026-03-06,New Zealand Warriors,Sydney Roosters,2.9,1.57,2026-02-20 06:34:52
22214098202,2026-02-20 06:34:55,2026-03-06,Brisbane Broncos,Penrith Panthers,1.71,2.25,2026-02-20 06:34:52
22214098202,2026-02-20 06:34:55,2026-03-07,Cronulla Sutherland Sharks,Gold Coast Titans,1.35,3.4,2026-02-20 06:34:52
22214098202,2026-02-20 06:34:55,2026-03-07,Manly Warringah Sea Eagles,Canberra Raiders,1.97,2.0,2026-02-20 06:34:52
22214098202,2026-02-20 06:34:55,2026-03-08,Dolphins,South Sydney Rabbitohs,1.65,2.26,2026-02-20 06:34:52
22221391447,2026-02-20 10:57:20,2026-02-28,Canterbury Bulldogs,St George Illawarra Dragons,1.48,2.66,2026-02-20 10:57:17
22221391447,2026-02-20 10:57:20,2026-03-01,Newcastle Knights,North Queensland Cowboys,2.59,1.53,2026-02-20 10:57:17
22221391447,2026-02-20 10:57:20,2026-03-05,Melbourne Storm,Parramatta Eels,1.4,3.06,2026-02-20 10:57:17
22221391447,2026-02-20 10:57:20,2026-03-06,New Zealand Warriors,Sydney Roosters,2.9,1.57,2026-02-20 10:57:17
22221391447,2026-02-20 10:57:20,2026-03-06,Brisbane Broncos,Penrith Panthers,1.5,2.62,2026-02-20 10:57:17
22221391447,2026-02-20 10:57:20,2026-03-07,Cronulla Sutherland Sharks,Gold Coast Titans,1.35,3.4,2026-02-20 10:57:17
22221391447,2026-02-20 10:57:20,2026-03-07,Manly Warringah Sea Eagles,Canberra Raiders,1.97,2.0,2026-02-20 10:57:17
22221391447,2026-02-20 10:57:20,2026-03-08,Dolphins,South Sydney Rabbitohs,1.65,2.26,2026-02-20 10:57:17
22222238548,2026-02-20 11:25:27,2026-02-28,Canterbury Bulldogs,St George Illawarra Dragons,1.48,2.66,2026-02-20 11:25:25
22222238548,2026-02-20 11:25:27,2026-03-01,Newcastle Knights,North Queensland Cowboys,2.59,1.53,2026-02-20 11:25:25
22222238548,2026-02-20 11:25:27,2026-03-05,Melbourne Storm,Parramatta Eels,1.4,3.06,2026-02-20 11:25:25
22222238548,2026-02-20 11:25:27,2026-03-06,New Zealand Warriors,Sydney Roosters,2.9,1.57,2026-02-20 11:25:25
22222238548,2026-02-20 11:25:27,2026-03-06,Brisbane Broncos,Penrith Panthers,1.5,2.62,2026-02-20 11:25:25
22222238548,2026-02-20 11:25:27,2026-03-07,Cronulla Sutherland Sharks,Gold Coast Titans,1.35,3.4,2026-02-20 11:25:25
22222238548,2026-02-20 11:25:27,2026-03-07,Manly Warringah Sea Eagles,Canberra Raiders,1.97,2.0,2026-02-20 11:25:25
22222238548,2026-02-20 11:25:27,2026-03-08,Dolphins,South Sydney Rabbitohs,1.65,2.26,2026-02-20 11:25:25
22237270567,2026-02-20 19:03:17,2026-02-28,Canterbury Bulldogs,St George Illawarra Dragons,1.48,2.66,2026-02-20 19:03:14
22237270567,2026-02-20 19:03:17,2026-03-01,Newcastle Knights,North Queensland Cowboys,2.59,1.53,2026-02-20 19:03:14
22237270567,2026-02-20 19:03:17,2026-03-05,Melbourne Storm,Parramatta Eels,1.4,3.06,2026-02-20 19:03:14
22237270567,2026-02-20 19:03:17,2026-03-06,New Zealand Warriors,Sydney Roosters,2.9,1.57,2026-02-20 19:03:14
22237270567,2026-02-20 19:03:17,2026-03-06,Brisbane Broncos,Penrith Panthers,1.5,2.62,2026-02-20 19:03:14
22237270567,2026-02-20 19:03:17,2026-03-07,Cronulla Sutherland Sharks,Gold Coast Titans,1.35,3.4,2026-02-20 19:03:14
22237270567,2026-02-20 19:03:17,2026-03-07,Manly Warringah Sea Eagles,Canberra Raiders,1.97,2.0,2026-02-20 19:03:14
22237270567,2026-02-20 19:03:17,2026-03-08,Dolphins,South Sydney Rabbitohs,1.65,2.26,2026-02-20 19:03:14
22239102652,2026-02-20 20:00:47,2026-02-28,Canterbury Bulldogs,St George Illawarra Dragons,1.48,2.66,2026-02-20 20:00:40
22239102652,2026-02-20 20:00:47,2026-03-01,Newcastle Knights,North Queensland Cowboys,2.59,1.53,2026-02-20 20:00:40
22239102652,2026-02-20 20:00:47,2026-03-05,Melbourne Storm,Parramatta Eels,1.4,3.06,2026-02-20 20:00:40
22239102652,2026-02-20 20:00:47,2026-03-06,New Zealand Warriors,Sydney Roosters,2.9,1.57,2026-02-20 20:00:40
22239102652,2026-02-20 20:00:47,2026-03-06,Brisbane Broncos,Penrith Panthers,1.5,2.62,2026-02-20 20:00:40
22239102652,2026-02-20 20:00:47,2026-03-07,Cronulla Sutherland Sharks,Gold Coast Titans,1.35,3.4,2026-02-20 20:00:40
22239102652,2026-02-20 20:00:47,2026-03-07,Manly Warringah Sea Eagles,Canberra Raiders,1.97,2.0,2026-02-20 20:00:40
22239102652,2026-02-20 20:00:47,2026-03-08,Dolphins,South Sydney Rabbitohs,1.65,2.26,2026-02-20 20:00:40
22248403425,2026-02-21 02:13:32,2026-02-28,Canterbury Bulldogs,St George Illawarra Dragons,1.48,2.66,2026-02-21 02:13:28
22248403425,2026-02-21 02:13:32,2026-03-01,Newcastle Knights,North Queensland Cowboys,2.59,1.53,2026-02-21 02:13:28
22248403425,2026-02-21 02:13:32,2026-03-05,Melbourne Storm,Parramatta Eels,1.4,3.06,2026-02-21 02:13:28
22248403425,2026-02-21 02:13:32,2026-03-06,New Zealand Warriors,Sydney Roosters,2.9,1.57,2026-02-21 02:13:28
22248403425,2026-02-21 02:13:32,2026-03-06,Brisbane Broncos,Penrith Panthers,1.45,2.96,2026-02-21 02:13:28
22248403425,2026-02-21 02:13:32,2026-03-07,Cronulla Sutherland Sharks,Gold Coast Titans,1.35,3.4,2026-02-21 02:13:28
22248403425,2026-02-21 02:13:32,2026-03-07,Manly Warringah Sea Eagles,Canberra Raiders,1.97,2.0,2026-02-21 02:13:28
22248403425,2026-02-21 02:13:32,2026-03-08,Dolphins,South Sydney Rabbitohs,1.65,2.26,2026-02-21 02:13:28
22248494616,2026-02-21 02:19:26,2026-02-28,Canterbury Bulldogs,St George Illawarra Dragons,1.48,2.66,2026-02-21 02:19:24
22248494616,2026-02-21 02:19:26,2026-03-01,Newcastle Knights,North Queensland Cowboys,2.59,1.5,2026-02-21 02:19:24
22248494616,2026-02-21 02:19:26,2026-03-05,Melbourne Storm,Parramatta Eels,1.38,3.06,2026-02-21 02:19:24
22248494616,2026-02-21 02:19:26,2026-03-06,New Zealand Warriors,Sydney Roosters,2.56,1.57,2026-02-21 02:19:24
22248494616,2026-02-21 02:19:26,2026-03-06,Brisbane Broncos,Penrith Panthers,1.45,2.96,2026-02-21 02:19:24
22248494616,2026-02-21 02:19:26,2026-03-07,Cronulla Sutherland Sharks,Gold Coast Titans,1.35,3.4,2026-02-21 02:19:24
22248494616,2026-02-21 02:19:26,2026-03-07,Manly Warringah Sea Eagles,Canberra Raiders,1.97,1.87,2026-02-21 02:19:24
22248494616,2026-02-21 02:19:26,2026-03-08,Dolphins,South Sydney Rabbitohs,1.65,2.26,2026-02-21 02:19:24
22248649508,2026-02-21 02:29:59,2026-02-28,Canterbury Bulldogs,St George Illawarra Dragons,1.48,2.66,2026-02-21 02:29:56
22248649508,2026-02-21 02:29:59,2026-03-01,Newcastle Knights,North Queensland Cowboys,2.59,1.5,2026-02-21 02:29:56
22248649508,2026-02-21 02:29:59,2026-03-05,Melbourne Storm,Parramatta Eels,1.38,3.06,2026-02-21 02:29:56
22248649508,2026-02-21 02:29:59,2026-03-06,New Zealand Warriors,Sydney Roosters,2.56,1.57,2026-02-21 02:29:56
22248649508,2026-02-21 02:29:59,2026-03-06,Brisbane Broncos,Penrith Panthers,1.45,2.96,2026-02-21 02:29:56
22248649508,2026-02-21 02:29:59,2026-03-07,Cronulla Sutherland Sharks,Gold Coast Titans,1.35,3.4,2026-02-21 02:29:56
22248649508,2026-02-21 02:29:59,2026-03-07,Manly Warringah Sea Eagles,Canberra Raiders,1.97,1.87,2026-02-21 02:29:56
22248649508,2026-02-21 02:29:59,2026-03-08,Dolphins,South Sydney Rabbitohs,1.65,2.26,2026-02-21 02:29:56
22248927314,2026-02-21 02:49:47,2026-02-28,Canterbury Bulldogs,St George Illawarra Dragons,1.48,2.66,2026-02-21 02:49:45
22248927314,2026-02-21 02:49:47,2026-03-01,Newcastle Knights,North Queensland Cowboys,2.59,1.5,2026-02-21 02:49:45
22248927314,2026-02-21 02:49:47,2026-03-05,Melbourne Storm,Parramatta Eels,1.38,3.06,2026-02-21 02:49:45
22248927314,2026-02-21 02:49:47,2026-03-06,New Zealand Warriors,Sydney Roosters,2.56,1.57,2026-02-21 02:49:45
22248927314,2026-02-21 02:49:47,2026-03-06,Brisbane Broncos,Penrith Panthers,1.45,2.96,2026-02-21 02:49:45
22248927314,2026-02-21 02:49:47,2026-03-07,Cronulla Sutherland Sharks,Gold Coast Titans,1.35,3.4,2026-02-21 02:49:45
22248927314,2026-02-21 02:49:47,2026-03-07,Manly Warringah Sea Eagles,Canberra Raiders,1.97,1.87,2026-02-21 02:49:45
22248927314,2026-02-21 02:49:47,2026-03-08,Dolphins,South Sydney Rabbitohs,1.65,2.26,2026-02-21 02:49:45
22249139529,2026-02-21 03:03:43,2026-02-28,Canterbury Bulldogs,St George Illawarra Dragons,1.48,2.66,2026-02-21 03:03:40
22249139529,2026-02-21 03:03:43,2026-03-01,Newcastle Knights,North Queensland Cowboys,2.59,1.5,2026-02-21 03:03:40
22249139529,2026-02-21 03:03:43,2026-03-05,Melbourne Storm,Parramatta Eels,1.38,3.06,2026-02-21 03:03:40
22249139529,2026-02-21 03:03:43,2026-03-06,New Zealand Warriors,Sydney Roosters,2.56,1.57,2026-02-21 03:03:40
22249139529,2026-02-21 03:03:43,2026-03-06,Brisbane Broncos,Penrith Panthers,1.45,2.96,2026-02-21 03:03:40
22249139529,2026-02-21 03:03:43,2026-03-07,Cronulla Sutherland Sharks,Gold Coast Titans,1.35,3.4,2026-02-21 03:03:40
22249139529,2026-02-21 03:03:43,2026-03-07,Manly Warringah Sea Eagles,Canberra Raiders,1.97,1.87,2026-02-21 03:03:40
22249139529,2026-02-21 03:03:43,2026-03-08,Dolphins,South Sydney Rabbitohs,1.65,2.26,2026-02-21 03:03:40
22249239820,2026-02-21 03:11:23,2026-02-28,Canterbury Bulldogs,St George Illawarra Dragons,1.48,2.66,2026-02-21 03:11:20
22249239820,2026-02-21 03:11:23,2026-03-01,Newcastle Knights,North Queensland Cowboys,2.59,1.53,2026-02-21 03:11:20
22249239820,2026-02-21 03:11:23,2026-03-05,Melbourne Storm,Parramatta Eels,1.4,3.06,2026-02-21 03:11:20
22249239820,2026-02-21 03:11:23,2026-03-06,New Zealand Warriors,Sydney Roosters,2.9,1.57,2026-02-21 03:11:20
22249239820,2026-02-21 03:11:23,2026-03-06,Brisbane Broncos,Penrith Panthers,1.45,2.96,2026-02-21 03:11:20
22249239820,2026-02-21 03:11:23,2026-03-07,Cronulla Sutherland Sharks,Gold Coast Titans,1.35,3.4,2026-02-21 03:11:20
22249239820,2026-02-21 03:11:23,2026-03-07,Manly Warringah Sea Eagles,Canberra Raiders,1.97,2.0,2026-02-21 03:11:20
22249239820,2026-02-21 03:11:23,2026-03-08,Dolphins,South Sydney Rabbitohs,1.65,2.26,2026-02-21 03:11:20
22249473544,2026-02-21 03:28:09,2026-02-28,Canterbury Bulldogs,St George Illawarra Dragons,1.48,2.66,2026-02-21 03:28:05
22249473544,2026-02-21 03:28:09,2026-03-01,Newcastle Knights,North Queensland Cowboys,2.59,1.53,2026-02-21 03:28:05
22249473544,2026-02-21 03:28:09,2026-03-05,Melbourne Storm,Parramatta Eels,1.4,3.06,2026-02-21 03:28:05
22249473544,2026-02-21 03:28:09,2026-03-06,New Zealand Warriors,Sydney Roosters,2.9,1.57,2026-02-21 03:28:05
22249473544,2026-02-21 03:28:09,2026-03-06,Brisbane Broncos,Penrith Panthers,1.45,2.96,2026-02-21 03:28:05
22249473544,2026-02-21 03:28:09,2026-03-07,Cronulla Sutherland Sharks,Gold Coast Titans,1.35,3.4,2026-02-21 03:28:05
22249473544,2026-02-21 03:28:09,2026-03-07,Manly Warringah Sea Eagles,Canberra Raiders,1.97,2.0,2026-02-21 03:28:05
22249473544,2026-02-21 03:28:09,2026-03-08,Dolphins,South Sydney Rabbitohs,1.65,2.26,2026-02-21 03:28:05
22249535089,2026-02-21 03:32:58,2026-02-28,Canterbury Bulldogs,St George Illawarra Dragons,1.48,2.66,2026-02-21 03:32:54
22249535089,2026-02-21 03:32:58,2026-03-01,Newcastle Knights,North Queensland Cowboys,2.59,1.53,2026-02-21 03:32:54
22249535089,2026-02-21 03:32:58,2026-03-05,Melbourne Storm,Parramatta Eels,1.4,3.06,2026-02-21 03:32:54
22249535089,2026-02-21 03:32:58,2026-03-06,New Zealand Warriors,Sydney Roosters,2.9,1.57,2026-02-21 03:32:54
22249535089,2026-02-21 03:32:58,2026-03-06,Brisbane Broncos,Penrith Panthers,1.45,2.96,2026-02-21 03:32:54
22249535089,2026-02-21 03:32:58,2026-03-07,Cronulla Sutherland Sharks,Gold Coast Titans,1.35,3.4,2026-02-21 03:32:54
22249535089,2026-02-21 03:32:58,2026-03-07,Manly Warringah Sea Eagles,Canberra Raiders,1.97,2.0,2026-02-21 03:32:54
22249535089,2026-02-21 03:32:58,2026-03-08,Dolphins,South Sydney Rabbitohs,1.65,2.26,2026-02-21 03:32:54
22249812361,2026-02-21 03:53:11,2026-02-28,Canterbury Bulldogs,St George Illawarra Dragons,1.48,2.66,2026-02-21 03:53:08
22249812361,2026-02-21 03:53:11,2026-03-01,Newcastle Knights,North Queensland Cowboys,2.59,1.53,2026-02-21 03:53:08
22249812361,2026-02-21 03:53:11,2026-03-05,Melbourne Storm,Parramatta Eels,1.4,3.06,2026-02-21 03:53:08
22249812361,2026-02-21 03:53:11,2026-03-06,New Zealand Warriors,Sydney Roosters,2.9,1.57,2026-02-21 03:53:08
22249812361,2026-02-21 03:53:11,2026-03-06,Brisbane Broncos,Penrith Panthers,1.45,2.96,2026-02-21 03:53:08
22249812361,2026-02-21 03:53:11,2026-03-07,Cronulla Sutherland Sharks,Gold Coast Titans,1.35,3.4,2026-02-21 03:53:08
22249812361,2026-02-21 03:53:11,2026-03-07,Manly Warringah Sea Eagles,Canberra Raiders,1.97,2.0,2026-02-21 03:53:08
22249812361,2026-02-21 03:53:11,2026-03-08,Dolphins,South Sydney Rabbitohs,1.65,2.26,2026-02-21 03:53:08
22250095635,2026-02-21 04:13:02,2026-02-28,Canterbury Bulldogs,St George Illawarra Dragons,1.48,2.66,2026-02-21 04:13:01
22250095635,2026-02-21 04:13:02,2026-03-01,Newcastle Knights,North Queensland Cowboys,2.59,1.53,2026-02-21 04:13:01
22250095635,2026-02-21 04:13:02,2026-03-05,Melbourne Storm,Parramatta Eels,1.4,3.06,2026-02-21 04:13:01
22250095635,2026-02-21 04:13:02,2026-03-06,New Zealand Warriors,Sydney Roosters,2.9,1.57,2026-02-21 04:13:01
22250095635,2026-02-21 04:13:02,2026-03-06,Brisbane Broncos,Penrith Panthers,1.45,2.96,2026-02-21 04:13:01
22250095635,2026-02-21 04:13:02,2026-03-07,Cronulla Sutherland Sharks,Gold Coast Titans,1.35,3.4,2026-02-21 04:13:01
22250095635,2026-02-21 04:13:02,2026-03-07,Manly Warringah Sea Eagles,Canberra Raiders,1.97,2.0,2026-02-21 04:13:01
22250095635,2026-02-21 04:13:02,2026-03-08,Dolphins,South Sydney Rabbitohs,1.65,2.26,2026-02-21 04:13:01
22263447347,2026-02-21 20:05:32,2026-02-28,Canterbury Bulldogs,St George Illawarra Dragons,1.48,2.69,2026-02-21 20:05:30
22263447347,2026-02-21 20:05:32,2026-03-01,Newcastle Knights,North Queensland Cowboys,2.55,1.55,2026-02-21 20:05:30
22263447347,2026-02-21 20:05:32,2026-03-05,Melbourne Storm,Parramatta Eels,1.42,3.06,2026-02-21 20:05:30
22263447347,2026-02-21 20:05:32,2026-03-06,New Zealand Warriors,Sydney Roosters,2.56,1.57,2026-02-21 20:05:30
22263447347,2026-02-21 20:05:32,2026-03-06,Brisbane Broncos,Penrith Panthers,1.45,2.96,2026-02-21 20:05:30
22263447347,2026-02-21 20:05:32,2026-03-07,Cronulla Sutherland Sharks,Gold Coast Titans,1.35,3.4,2026-02-21 20:05:30
22263447347,2026-02-21 20:05:32,2026-03-07,Manly Warringah Sea Eagles,Canberra Raiders,1.97,2.0,2026-02-21 20:05:30
22263447347,2026-02-21 20:05:32,2026-03-08,Dolphins,South Sydney Rabbitohs,1.65,2.26,2026-02-21 20:05:30
22263686593,2026-02-21 20:21:18,2026-02-28,Canterbury Bulldogs,St George Illawarra Dragons,1.48,2.69,2026-02-21 20:21:16
22263686593,2026-02-21 20:21:18,2026-03-01,Newcastle Knights,North Queensland Cowboys,2.55,1.55,2026-02-21 20:21:16
22263686593,2026-02-21 20:21:18,2026-03-05,Melbourne Storm,Parramatta Eels,1.42,3.06,2026-02-21 20:21:16
22263686593,2026-02-21 20:21:18,2026-03-06,New Zealand Warriors,Sydney Roosters,2.56,1.57,2026-02-21 20:21:16
22263686593,2026-02-21 20:21:18,2026-03-06,Brisbane Broncos,Penrith Panthers,1.45,2.96,2026-02-21 20:21:16
22263686593,2026-02-21 20:21:18,2026-03-07,Cronulla Sutherland Sharks,Gold Coast Titans,1.35,3.4,2026-02-21 20:21:16
22263686593,2026-02-21 20:21:18,2026-03-07,Manly Warringah Sea Eagles,Canberra Raiders,1.97,2.0,2026-02-21 20:21:16
22263686593,2026-02-21 20:21:18,2026-03-08,Dolphins,South Sydney Rabbitohs,1.65,2.26,2026-02-21 20:21:16
22264000967,2026-02-21 20:42:32,2026-02-28,Canterbury Bulldogs,St George Illawarra Dragons,1.48,2.69,2026-02-21 20:42:31
22264000967,2026-02-21 20:42:32,2026-03-01,Newcastle Knights,North Queensland Cowboys,2.55,1.55,2026-02-21 20:42:31
22264000967,2026-02-21 20:42:32,2026-03-05,Melbourne Storm,Parramatta Eels,1.42,3.06,2026-02-21 20:42:31
22264000967,2026-02-21 20:42:32,2026-03-06,New Zealand Warriors,Sydney Roosters,2.56,1.57,2026-02-21 20:42:31
22264000967,2026-02-21 20:42:32,2026-03-06,Brisbane Broncos,Penrith Panthers,1.45,2.96,2026-02-21 20:42:31
22264000967,2026-02-21 20:42:32,2026-03-07,Cronulla Sutherland Sharks,Gold Coast Titans,1.35,3.4,2026-02-21 20:42:31
22264000967,2026-02-21 20:42:32,2026-03-07,Manly Warringah Sea Eagles,Canberra Raiders,1.97,2.0,2026-02-21 20:42:31
22264000967,2026-02-21 20:42:32,2026-03-08,Dolphins,South Sydney Rabbitohs,1.65,2.26,2026-02-21 20:42:31
22264091696,2026-02-21 20:48:42,2026-02-28,Canterbury Bulldogs,St George Illawarra Dragons,1.48,2.69,2026-02-21 20:48:40
22264091696,2026-02-21 20:48:42,2026-03-01,Newcastle Knights,North Queensland Cowboys,2.55,1.55,2026-02-21 20:48:40
22264091696,2026-02-21 20:48:42,2026-03-05,Melbourne Storm,Parramatta Eels,1.42,3.06,2026-02-21 20:48:40
22264091696,2026-02-21 20:48:42,2026-03-06,New Zealand Warriors,Sydney Roosters,2.56,1.57,2026-02-21 20:48:40
22264091696,2026-02-21 20:48:42,2026-03-06,Brisbane Broncos,Penrith Panthers,1.45,2.96,2026-02-21 20:48:40
22264091696,2026-02-21 20:48:42,2026-03-07,Cronulla Sutherland Sharks,Gold Coast Titans,1.35,3.4,2026-02-21 20:48:40
22264091696,2026-02-21 20:48:42,2026-03-07,Manly Warringah Sea Eagles,Canberra Raiders,1.97,2.0,2026-02-21 20:48:40
22264091696,2026-02-21 20:48:42,2026-03-08,Dolphins,South Sydney Rabbitohs,1.65,2.26,2026-02-21 20:48:40
22264168386,2026-02-21 20:53:47,2026-02-28,Canterbury Bulldogs,St George Illawarra Dragons,1.48,2.69,2026-02-21 20:53:45
22264168386,2026-02-21 20:53:47,2026-03-01,Newcastle Knights,North Queensland Cowboys,2.55,1.55,2026-02-21 20:53:45
22264168386,2026-02-21 20:53:47,2026-03-05,Melbourne Storm,Parramatta Eels,1.42,3.06,2026-02-21 20:53:45
22264168386,2026-02-21 20:53:47,2026-03-06,New Zealand Warriors,Sydney Roosters,2.56,1.57,2026-02-21 20:53:45
22264168386,2026-02-21 20:53:47,2026-03-06,Brisbane Broncos,Penrith Panthers,1.45,2.96,2026-02-21 20:53:45
22264168386,2026-02-21 20:53:47,2026-03-07,Cronulla Sutherland Sharks,Gold Coast Titans,1.35,3.4,2026-02-21 20:53:45
22264168386,2026-02-21 20:53:47,2026-03-07,Manly Warringah Sea Eagles,Canberra Raiders,1.97,2.0,2026-02-21 20:53:45
22264168386,2026-02-21 20:53:47,2026-03-08,Dolphins,South Sydney Rabbitohs,1.65,2.26,2026-02-21 20:53:45
22264291349,2026-02-21 21:02:05,2026-02-28,Canterbury Bulldogs,St George Illawarra Dragons,1.48,2.69,2026-02-21 21:02:03
22264291349,2026-02-21 21:02:05,2026-03-01,Newcastle Knights,North Queensland Cowboys,2.55,1.55,2026-02-21 21:02:03
22264291349,2026-02-21 21:02:05,2026-03-05,Melbourne Storm,Parramatta Eels,1.42,3.06,2026-02-21 21:02:03
22264291349,2026-02-21 21:02:05,2026-03-06,New Zealand Warriors,Sydney Roosters,2.56,1.57,2026-02-21 21:02:03
22264291349,2026-02-21 21:02:05,2026-03-06,Brisbane Broncos,Penrith Panthers,1.45,2.96,2026-02-21 21:02:03
22264291349,2026-02-21 21:02:05,2026-03-07,Cronulla Sutherland Sharks,Gold Coast Titans,1.35,3.4,2026-02-21 21:02:03
22264291349,2026-02-21 21:02:05,2026-03-07,Manly Warringah Sea Eagles,Canberra Raiders,1.97,2.0,2026-02-21 21:02:03
22264291349,2026-02-21 21:02:05,2026-03-08,Dolphins,South Sydney Rabbitohs,1.65,2.26,2026-02-21 21:02:03
22264397301,2026-02-21 21:09:00,2026-02-28,Canterbury Bulldogs,St George Illawarra Dragons,1.48,2.69,2026-02-21 21:08:59
22264397301,2026-02-21 21:09:00,2026-03-01,Newcastle Knights,North Queensland Cowboys,2.55,1.55,2026-02-21 21:08:59
22264397301,2026-02-21 21:09:00,2026-03-05,Melbourne Storm,Parramatta Eels,1.42,3.06,2026-02-21 21:08:59
22264397301,2026-02-21 21:09:00,2026-03-06,New Zealand Warriors,Sydney Roosters,2.56,1.57,2026-02-21 21:08:59
22264397301,2026-02-21 21:09:00,2026-03-06,Brisbane Broncos,Penrith Panthers,1.45,2.96,2026-02-21 21:08:59
22264397301,2026-02-21 21:09:00,2026-03-07,Cronulla Sutherland Sharks,Gold Coast Titans,1.35,3.4,2026-02-21 21:08:59
22264397301,2026-02-21 21:09:00,2026-03-07,Manly Warringah Sea Eagles,Canberra Raiders,1.97,2.0,2026-02-21 21:08:59
22264397301,2026-02-21 21:09:00,2026-03-08,Dolphins,South Sydney Rabbitohs,1.65,2.26,2026-02-21 21:08:59
22264613711,2026-02-21 21:23:38,2026-02-28,Canterbury Bulldogs,St George Illawarra Dragons,1.48,2.69,2026-02-21 21:23:35
22264613711,2026-02-21 21:23:38,2026-03-01,Newcastle Knights,North Queensland Cowboys,2.55,1.55,2026-02-21 21:23:35
22264613711,2026-02-21 21:23:38,2026-03-05,Melbourne Storm,Parramatta Eels,1.42,3.06,2026-02-21 21:23:35
22264613711,2026-02-21 21:23:38,2026-03-06,New Zealand Warriors,Sydney Roosters,2.56,1.57,2026-02-21 21:23:35
22264613711,2026-02-21 21:23:38,2026-03-06,Brisbane Broncos,Penrith Panthers,1.45,2.96,2026-02-21 21:23:35
22264613711,2026-02-21 21:23:38,2026-03-07,Cronulla Sutherland Sharks,Gold Coast Titans,1.35,3.4,2026-02-21 21:23:35
22264613711,2026-02-21 21:23:38,2026-03-07,Manly Warringah Sea Eagles,Canberra Raiders,1.97,2.0,2026-02-21 21:23:35
22264613711,2026-02-21 21:23:38,2026-03-08,Dolphins,South Sydney Rabbitohs,1.65,2.26,2026-02-21 21:23:35
22264884327,2026-02-21 21:41:46,2026-02-28,Canterbury Bulldogs,St George Illawarra Dragons,1.48,2.69,2026-02-21 21:41:43
22264884327,2026-02-21 21:41:46,2026-03-01,Newcastle Knights,North Queensland Cowboys,2.55,1.55,2026-02-21 21:41:43
22264884327,2026-02-21 21:41:46,2026-03-05,Melbourne Storm,Parramatta Eels,1.42,3.06,2026-02-21 21:41:43
22264884327,2026-02-21 21:41:46,2026-03-06,New Zealand Warriors,Sydney Roosters,2.56,1.57,2026-02-21 21:41:43
22264884327,2026-02-21 21:41:46,2026-03-06,Brisbane Broncos,Penrith Panthers,1.45,2.96,2026-02-21 21:41:43
22264884327,2026-02-21 21:41:46,2026-03-07,Cronulla Sutherland Sharks,Gold Coast Titans,1.35,3.4,2026-02-21 21:41:43
22264884327,2026-02-21 21:41:46,2026-03-07,Manly Warringah Sea Eagles,Canberra Raiders,1.97,2.0,2026-02-21 21:41:43
22264884327,2026-02-21 21:41:46,2026-03-08,Dolphins,South Sydney Rabbitohs,1.65,2.26,2026-02-21 21:41:43
22265093440,2026-02-21 21:55:57,2026-02-28,Canterbury Bulldogs,St George Illawarra Dragons,1.48,2.69,2026-02-21 21:55:54
22265093440,2026-02-21 21:55:57,2026-03-01,Newcastle Knights,North Queensland Cowboys,2.55,1.55,2026-02-21 21:55:54
22265093440,2026-02-21 21:55:57,2026-03-05,Melbourne Storm,Parramatta Eels,1.42,3.06,2026-02-21 21:55:54
22265093440,2026-02-21 21:55:57,2026-03-06,New Zealand Warriors,Sydney Roosters,2.56,1.57,2026-02-21 21:55:54
22265093440,2026-02-21 21:55:57,2026-03-06,Brisbane Broncos,Penrith Panthers,1.45,2.96,2026-02-21 21:55:54
22265093440,2026-02-21 21:55:57,2026-03-07,Cronulla Sutherland Sharks,Gold Coast Titans,1.35,3.4,2026-02-21 21:55:54
22265093440,2026-02-21 21:55:57,2026-03-07,Manly Warringah Sea Eagles,Canberra Raiders,1.97,2.0,2026-02-21 21:55:54
22265093440,2026-02-21 21:55:57,2026-03-08,Dolphins,South Sydney Rabbitohs,1.65,2.26,2026-02-21 21:55:54
22284139389,2026-02-22 19:53:21,2026-02-28,Canterbury Bulldogs,St George Illawarra Dragons,1.43,2.9,2026-02-22 19:53:18
22284139389,2026-02-22 19:53:21,2026-03-01,Newcastle Knights,North Queensland Cowboys,2.55,1.53,2026-02-22 19:53:18
22284139389,2026-02-22 19:53:21,2026-03-05,Melbourne Storm,Parramatta Eels,1.45,3.06,2026-02-22 19:53:18
22284139389,2026-02-22 19:53:21,2026-03-06,New Zealand Warriors,Sydney Roosters,2.56,1.52,2026-02-22 19:53:18
22284139389,2026-02-22 19:53:21,2026-03-06,Brisbane Broncos,Penrith Panthers,1.45,2.96,2026-02-22 19:53:18
22284139389,2026-02-22 19:53:21,2026-03-07,Cronulla Sutherland Sharks,Gold Coast Titans,1.35,3.4,2026-02-22 19:53:18
22284139389,2026-02-22 19:53:21,2026-03-07,Manly Warringah Sea Eagles,Canberra Raiders,1.97,2.0,2026-02-22 19:53:18
22284139389,2026-02-22 19:53:21,2026-03-08,Dolphins,South Sydney Rabbitohs,1.79,2.07,2026-02-22 19:53:18
22326774148,2026-02-23 22:05:37,2026-03-01,Newcastle Knights,North Queensland Cowboys,2.55,1.55,2026-02-23 22:05:34
22326774148,2026-02-23 22:05:37,2026-03-01,Canterbury Bulldogs,St George Illawarra Dragons,1.43,3.0,2026-02-23 22:05:34
22326774148,2026-02-23 22:05:37,2026-03-05,Melbourne Storm,Parramatta Eels,1.47,2.9,2026-02-23 22:05:34
22326774148,2026-02-23 22:05:37,2026-03-06,New Zealand Warriors,Sydney Roosters,2.62,1.55,2026-02-23 22:05:34
22326774148,2026-02-23 22:05:37,2026-03-06,Brisbane Broncos,Penrith Panthers,1.72,2.15,2026-02-23 22:05:34
22326774148,2026-02-23 22:05:37,2026-03-07,Cronulla Sutherland Sharks,Gold Coast Titans,1.35,3.29,2026-02-23 22:05:34
22326774148,2026-02-23 22:05:37,2026-03-07,Manly Warringah Sea Eagles,Canberra Raiders,1.9,1.97,2026-02-23 22:05:34
22326774148,2026-02-23 22:05:37,2026-03-08,Dolphins,South Sydney Rabbitohs,1.8,2.07,2026-02-23 22:05:34
22335152770,2026-02-24 03:19:48,2026-03-01,Newcastle Knights,North Queensland Cowboys,2.55,1.55,2026-02-24 03:19:46
22335152770,2026-02-24 03:19:48,2026-03-01,Canterbury Bulldogs,St George Illawarra Dragons,1.43,3.0,2026-02-24 03:19:46
22335152770,2026-02-24 03:19:48,2026-03-05,Melbourne Storm,Parramatta Eels,1.47,2.8,2026-02-24 03:19:46
22335152770,2026-02-24 03:19:48,2026-03-06,New Zealand Warriors,Sydney Roosters,2.62,1.55,2026-02-24 03:19:46
22335152770,2026-02-24 03:19:48,2026-03-06,Brisbane Broncos,Penrith Panthers,1.72,2.15,2026-02-24 03:19:46
22335152770,2026-02-24 03:19:48,2026-03-07,Cronulla Sutherland Sharks,Gold Coast Titans,1.35,3.29,2026-02-24 03:19:46
22335152770,2026-02-24 03:19:48,2026-03-07,Manly Warringah Sea Eagles,Canberra Raiders,1.9,1.97,2026-02-24 03:19:46
22335152770,2026-02-24 03:19:48,2026-03-08,Dolphins,South Sydney Rabbitohs,1.8,2.07,2026-02-24 03:19:46
22337664960,2026-02-24 05:15:18,2026-03-01,Newcastle Knights,North Queensland Cowboys,2.48,1.57,2026-02-24 05:15:15
22337664960,2026-02-24 05:15:18,2026-03-01,Canterbury Bulldogs,St George Illawarra Dragons,1.42,3.0,2026-02-24 05:15:15
22337664960,2026-02-24 05:15:18,2026-03-05,Melbourne Storm,Parramatta Eels,1.46,2.8,2026-02-24 05:15:15
22337664960,2026-02-24 05:15:18,2026-03-06,New Zealand Warriors,Sydney Roosters,2.62,1.53,2026-02-24 05:15:15
22337664960,2026-02-24 05:15:18,2026-03-06,Brisbane Broncos,Penrith Panthers,1.72,2.15,2026-02-24 05:15:15
22337664960,2026-02-24 05:15:18,2026-03-07,Cronulla Sutherland Sharks,Gold Coast Titans,1.35,3.29,2026-02-24 05:15:15
22337664960,2026-02-24 05:15:18,2026-03-07,Manly Warringah Sea Eagles,Canberra Raiders,1.9,1.97,2026-02-24 05:15:15
22337664960,2026-02-24 05:15:18,2026-03-08,Dolphins,South Sydney Rabbitohs,1.8,2.07,2026-02-24 05:15:15
22338200991,2026-02-24 05:38:44,2026-03-01,Newcastle Knights,North Queensland Cowboys,2.48,1.57,2026-02-24 05:38:42
22338200991,2026-02-24 05:38:44,2026-03-01,Canterbury Bulldogs,St George Illawarra Dragons,1.44,2.9,2026-02-24 05:38:42
22338200991,2026-02-24 05:38:44,2026-03-05,Melbourne Storm,Parramatta Eels,1.46,2.8,2026-02-24 05:38:42
22338200991,2026-02-24 05:38:44,2026-03-06,New Zealand Warriors,Sydney Roosters,2.62,1.53,2026-02-24 05:38:42
22338200991,2026-02-24 05:38:44,2026-03-06,Brisbane Broncos,Penrith Panthers,1.72,2.15,2026-02-24 05:38:42
22338200991,2026-02-24 05:38:44,2026-03-07,Cronulla Sutherland Sharks,Gold Coast Titans,1.35,3.29,2026-02-24 05:38:42
22338200991,2026-02-24 05:38:44,2026-03-07,Manly Warringah Sea Eagles,Canberra Raiders,1.9,1.97,2026-02-24 05:38:42
22338200991,2026-02-24 05:38:44,2026-03-08,Dolphins,South Sydney Rabbitohs,1.8,2.07,2026-02-24 05:38:42
22370022751,2026-02-24 21:05:30,2026-03-01,Newcastle Knights,North Queensland Cowboys,2.47,1.6,2026-02-24 21:05:28
22370022751,2026-02-24 21:05:30,2026-03-01,Canterbury Bulldogs,St George Illawarra Dragons,1.4,3.16,2026-02-24 21:05:28
22370022751,2026-02-24 21:05:30,2026-03-05,Melbourne Storm,Parramatta Eels,1.46,2.8,2026-02-24 21:05:28
22370022751,2026-02-24 21:05:30,2026-03-06,New Zealand Warriors,Sydney Roosters,2.62,1.53,2026-02-24 21:05:28
22370022751,2026-02-24 21:05:30,2026-03-06,Brisbane Broncos,Penrith Panthers,1.72,2.15,2026-02-24 21:05:28
22370022751,2026-02-24 21:05:30,2026-03-07,Cronulla Sutherland Sharks,Gold Coast Titans,1.35,3.29,2026-02-24 21:05:28
22370022751,2026-02-24 21:05:30,2026-03-07,Manly Warringah Sea Eagles,Canberra Raiders,1.9,1.97,2026-02-24 21:05:28
22370022751,2026-02-24 21:05:30,2026-03-08,Dolphins,South Sydney Rabbitohs,1.8,2.07,2026-02-24 21:05:28
22370631071,2026-02-24 21:22:55,2026-03-01,Newcastle Knights,North Queensland Cowboys,2.47,1.6,2026-02-24 21:22:52
22370631071,2026-02-24 21:22:55,2026-03-01,Canterbury Bulldogs,St George Illawarra Dragons,1.4,3.16,2026-02-24 21:22:52
22370631071,2026-02-24 21:22:55,2026-03-05,Melbourne Storm,Parramatta Eels,1.46,2.8,2026-02-24 21:22:52
22370631071,2026-02-24 21:22:55,2026-03-06,New Zealand Warriors,Sydney Roosters,2.62,1.53,2026-02-24 21:22:52
22370631071,2026-02-24 21:22:55,2026-03-06,Brisbane Broncos,Penrith Panthers,1.72,2.15,2026-02-24 21:22:52
22370631071,2026-02-24 21:22:55,2026-03-07,Cronulla Sutherland Sharks,Gold Coast Titans,1.35,3.29,2026-02-24 21:22:52
22370631071,2026-02-24 21:22:55,2026-03-07,Manly Warringah Sea Eagles,Canberra Raiders,1.9,1.97,2026-02-24 21:22:52
22370631071,2026-02-24 21:22:55,2026-03-08,Dolphins,South Sydney Rabbitohs,1.8,2.07,2026-02-24 21:22:52
22371070067,2026-02-24 21:35:34,2026-03-01,Newcastle Knights,North Queensland Cowboys,2.47,1.6,2026-02-24 21:35:31
22371070067,2026-02-24 21:35:34,2026-03-01,Canterbury Bulldogs,St George Illawarra Dragons,1.4,3.16,2026-02-24 21:35:31
22371070067,2026-02-24 21:35:34,2026-03-05,Melbourne Storm,Parramatta Eels,1.46,2.8,2026-02-24 21:35:31
22371070067,2026-02-24 21:35:34,2026-03-06,New Zealand Warriors,Sydney Roosters,2.62,1.53,2026-02-24 21:35:31
22371070067,2026-02-24 21:35:34,2026-03-06,Brisbane Broncos,Penrith Panthers,1.72,2.15,2026-02-24 21:35:31
22371070067,2026-02-24 21:35:34,2026-03-07,Cronulla Sutherland Sharks,Gold Coast Titans,1.35,3.29,2026-02-24 21:35:31
22371070067,2026-02-24 21:35:34,2026-03-07,Manly Warringah Sea Eagles,Canberra Raiders,1.9,1.97,2026-02-24 21:35:31
22371070067,2026-02-24 21:35:34,2026-03-08,Dolphins,South Sydney Rabbitohs,1.8,2.07,2026-02-24 21:35:31
22371628721,2026-02-24 21:52:20,2026-03-01,Newcastle Knights,North Queensland Cowboys,2.47,1.6,2026-02-24 21:52:18
22371628721,2026-02-24 21:52:20,2026-03-01,Canterbury Bulldogs,St George Illawarra Dragons,1.4,3.16,2026-02-24 21:52:18
22371628721,2026-02-24 21:52:20,2026-03-05,Melbourne Storm,Parramatta Eels,1.46,2.8,2026-02-24 21:52:18
22371628721,2026-02-24 21:52:20,2026-03-06,New Zealand Warriors,Sydney Roosters,2.62,1.53,2026-02-24 21:52:18
22371628721,2026-02-24 21:52:20,2026-03-06,Brisbane Broncos,Penrith Panthers,1.72,2.15,2026-02-24 21:52:18
22371628721,2026-02-24 21:52:20,2026-03-07,Cronulla Sutherland Sharks,Gold Coast Titans,1.35,3.29,2026-02-24 21:52:18
22371628721,2026-02-24 21:52:20,2026-03-07,Manly Warringah Sea Eagles,Canberra Raiders,1.9,1.97,2026-02-24 21:52:18
22371628721,2026-02-24 21:52:20,2026-03-08,Dolphins,South Sydney Rabbitohs,1.8,2.07,2026-02-24 21:52:18
22377653168,2026-02-25 01:17:27,2026-03-01,Newcastle Knights,North Queensland Cowboys,2.47,1.6,2026-02-25 01:17:23
22377653168,2026-02-25 01:17:27,2026-03-01,Canterbury Bulldogs,St George Illawarra Dragons,1.4,3.16,2026-02-25 01:17:23
22377653168,2026-02-25 01:17:27,2026-03-05,Melbourne Storm,Parramatta Eels,1.46,2.8,2026-02-25 01:17:23
22377653168,2026-02-25 01:17:27,2026-03-06,New Zealand Warriors,Sydney Roosters,2.62,1.53,2026-02-25 01:17:23
22377653168,2026-02-25 01:17:27,2026-03-06,Brisbane Broncos,Penrith Panthers,1.72,2.15,2026-02-25 01:17:23
22377653168,2026-02-25 01:17:27,2026-03-07,Cronulla Sutherland Sharks,Gold Coast Titans,1.35,3.29,2026-02-25 01:17:23
22377653168,2026-02-25 01:17:27,2026-03-07,Manly Warringah Sea Eagles,Canberra Raiders,1.9,1.97,2026-02-25 01:17:23
22377653168,2026-02-25 01:17:27,2026-03-08,Dolphins,South Sydney Rabbitohs,1.81,2.05,2026-02-25 01:17:23
22378168140,2026-02-25 01:36:25,2026-03-01,Newcastle Knights,North Queensland Cowboys,2.47,1.6,2026-02-25 01:36:23
22378168140,2026-02-25 01:36:25,2026-03-01,Canterbury Bulldogs,St George Illawarra Dragons,1.4,3.16,2026-02-25 01:36:23
22378168140,2026-02-25 01:36:25,2026-03-05,Melbourne Storm,Parramatta Eels,1.46,2.8,2026-02-25 01:36:23
22378168140,2026-02-25 01:36:25,2026-03-06,New Zealand Warriors,Sydney Roosters,2.62,1.53,2026-02-25 01:36:23
22378168140,2026-02-25 01:36:25,2026-03-06,Brisbane Broncos,Penrith Panthers,1.72,2.15,2026-02-25 01:36:23
22378168140,2026-02-25 01:36:25,2026-03-07,Cronulla Sutherland Sharks,Gold Coast Titans,1.35,3.29,2026-02-25 01:36:23
22378168140,2026-02-25 01:36:25,2026-03-07,Manly Warringah Sea Eagles,Canberra Raiders,1.9,1.97,2026-02-25 01:36:23
22378168140,2026-02-25 01:36:25,2026-03-08,Dolphins,South Sydney Rabbitohs,1.81,2.05,2026-02-25 01:36:23
22378969429,2026-02-25 02:08:15,2026-03-01,Newcastle Knights,North Queensland Cowboys,2.47,1.6,2026-02-25 02:08:12
22378969429,2026-02-25 02:08:15,2026-03-01,Canterbury Bulldogs,St George Illawarra Dragons,1.4,3.16,2026-02-25 02:08:12
22378969429,2026-02-25 02:08:15,2026-03-05,Melbourne Storm,Parramatta Eels,1.46,2.8,2026-02-25 02:08:12
22378969429,2026-02-25 02:08:15,2026-03-06,New Zealand Warriors,Sydney Roosters,2.62,1.53,2026-02-25 02:08:12
22378969429,2026-02-25 02:08:15,2026-03-06,Brisbane Broncos,Penrith Panthers,1.72,2.15,2026-02-25 02:08:12
22378969429,2026-02-25 02:08:15,2026-03-07,Cronulla Sutherland Sharks,Gold Coast Titans,1.35,3.29,2026-02-25 02:08:12
22378969429,2026-02-25 02:08:15,2026-03-07,Manly Warringah Sea Eagles,Canberra Raiders,1.9,1.97,2026-02-25 02:08:12
22378969429,2026-02-25 02:08:15,2026-03-08,Dolphins,South Sydney Rabbitohs,1.81,2.05,2026-02-25 02:08:12
22415872463,2026-02-25 21:05:13,2026-03-01,Newcastle Knights,North Queensland Cowboys,2.45,1.6,2026-02-25 21:05:11
22415872463,2026-02-25 21:05:13,2026-03-01,Canterbury Bulldogs,St George Illawarra Dragons,1.4,3.16,2026-02-25 21:05:11
22415872463,2026-02-25 21:05:13,2026-03-05,Melbourne Storm,Parramatta Eels,1.47,2.8,2026-02-25 21:05:11
22415872463,2026-02-25 21:05:13,2026-03-06,New Zealand Warriors,Sydney Roosters,2.62,1.53,2026-02-25 21:05:11
22415872463,2026-02-25 21:05:13,2026-03-06,Brisbane Broncos,Penrith Panthers,1.72,2.15,2026-02-25 21:05:11
22415872463,2026-02-25 21:05:13,2026-03-07,Cronulla Sutherland Sharks,Gold Coast Titans,1.35,3.29,2026-02-25 21:05:11
22415872463,2026-02-25 21:05:13,2026-03-07,Manly Warringah Sea Eagles,Canberra Raiders,1.9,1.97,2026-02-25 21:05:11
22415872463,2026-02-25 21:05:13,2026-03-08,Dolphins,South Sydney Rabbitohs,1.81,2.05,2026-02-25 21:05:11
22416143908,2026-02-25 21:12:59,2026-03-01,Newcastle Knights,North Queensland Cowboys,2.45,1.6,2026-02-25 21:12:57
22416143908,2026-02-25 21:12:59,2026-03-01,Canterbury Bulldogs,St George Illawarra Dragons,1.4,3.16,2026-02-25 21:12:57
22416143908,2026-02-25 21:12:59,2026-03-05,Melbourne Storm,Parramatta Eels,1.47,2.8,2026-02-25 21:12:57
22416143908,2026-02-25 21:12:59,2026-03-06,New Zealand Warriors,Sydney Roosters,2.62,1.53,2026-02-25 21:12:57
22416143908,2026-02-25 21:12:59,2026-03-06,Brisbane Broncos,Penrith Panthers,1.72,2.15,2026-02-25 21:12:57
22416143908,2026-02-25 21:12:59,2026-03-07,Cronulla Sutherland Sharks,Gold Coast Titans,1.35,3.29,2026-02-25 21:12:57
22416143908,2026-02-25 21:12:59,2026-03-07,Manly Warringah Sea Eagles,Canberra Raiders,1.9,1.97,2026-02-25 21:12:57
22416143908,2026-02-25 21:12:59,2026-03-08,Dolphins,South Sydney Rabbitohs,1.81,2.05,2026-02-25 21:12:57
22416436704,2026-02-25 21:21:16,2026-03-01,Newcastle Knights,North Queensland Cowboys,2.45,1.6,2026-02-25 21:21:14
22416436704,2026-02-25 21:21:16,2026-03-01,Canterbury Bulldogs,St George Illawarra Dragons,1.4,3.16,2026-02-25 21:21:14
22416436704,2026-02-25 21:21:16,2026-03-05,Melbourne Storm,Parramatta Eels,1.46,2.8,2026-02-25 21:21:14
22416436704,2026-02-25 21:21:16,2026-03-06,New Zealand Warriors,Sydney Roosters,2.62,1.53,2026-02-25 21:21:14
22416436704,2026-02-25 21:21:16,2026-03-06,Brisbane Broncos,Penrith Panthers,1.72,2.15,2026-02-25 21:21:14
22416436704,2026-02-25 21:21:16,2026-03-07,Cronulla Sutherland Sharks,Gold Coast Titans,1.35,3.29,2026-02-25 21:21:14
22416436704,2026-02-25 21:21:16,2026-03-07,Manly Warringah Sea Eagles,Canberra Raiders,1.9,1.97,2026-02-25 21:21:14
22416436704,2026-02-25 21:21:16,2026-03-08,Dolphins,South Sydney Rabbitohs,1.81,2.05,2026-02-25 21:21:14
22418170792,2026-02-25 22:11:16,2026-03-01,Newcastle Knights,North Queensland Cowboys,2.45,1.6,2026-02-25 22:11:13
22418170792,2026-02-25 22:11:16,2026-03-01,Canterbury Bulldogs,St George Illawarra Dragons,1.4,3.16,2026-02-25 22:11:13
22418170792,2026-02-25 22:11:16,2026-03-05,Melbourne Storm,Parramatta Eels,1.47,2.8,2026-02-25 22:11:13
22418170792,2026-02-25 22:11:16,2026-03-06,New Zealand Warriors,Sydney Roosters,2.62,1.53,2026-02-25 22:11:13
22418170792,2026-02-25 22:11:16,2026-03-06,Brisbane Broncos,Penrith Panthers,1.72,2.15,2026-02-25 22:11:13
22418170792,2026-02-25 22:11:16,2026-03-07,Cronulla Sutherland Sharks,Gold Coast Titans,1.35,3.29,2026-02-25 22:11:13
22418170792,2026-02-25 22:11:16,2026-03-07,Manly Warringah Sea Eagles,Canberra Raiders,1.9,1.97,2026-02-25 22:11:13
22418170792,2026-02-25 22:11:16,2026-03-08,Dolphins,South Sydney Rabbitohs,1.81,2.05,2026-02-25 22:11:13
22418320495,2026-02-25 22:15:45,2026-03-01,Newcastle Knights,North Queensland Cowboys,2.45,1.6,2026-02-25 22:15:42
22418320495,2026-02-25 22:15:45,2026-03-01,Canterbury Bulldogs,St George Illawarra Dragons,1.4,3.16,2026-02-25 22:15:42
22418320495,2026-02-25 22:15:45,2026-03-05,Melbourne Storm,Parramatta Eels,1.47,2.8,2026-02-25 22:15:42
22418320495,2026-02-25 22:15:45,2026-03-06,New Zealand Warriors,Sydney Roosters,2.62,1.53,2026-02-25 22:15:42
22418320495,2026-02-25 22:15:45,2026-03-06,Brisbane Broncos,Penrith Panthers,1.72,2.15,2026-02-25 22:15:42
22418320495,2026-02-25 22:15:45,2026-03-07,Cronulla Sutherland Sharks,Gold Coast Titans,1.35,3.29,2026-02-25 22:15:42
22418320495,2026-02-25 22:15:45,2026-03-07,Manly Warringah Sea Eagles,Canberra Raiders,1.9,1.97,2026-02-25 22:15:42
22418320495,2026-02-25 22:15:45,2026-03-08,Dolphins,South Sydney Rabbitohs,1.81,2.05,2026-02-25 22:15:42
22418457427,2026-02-25 22:20:01,2026-03-01,Newcastle Knights,North Queensland Cowboys,2.45,1.6,2026-02-25 22:19:59
22418457427,2026-02-25 22:20:01,2026-03-01,Canterbury Bulldogs,St George Illawarra Dragons,1.4,3.16,2026-02-25 22:19:59
22418457427,2026-02-25 22:20:01,2026-03-05,Melbourne Storm,Parramatta Eels,1.47,2.8,2026-02-25 22:19:59
22418457427,2026-02-25 22:20:01,2026-03-06,New Zealand Warriors,Sydney Roosters,2.62,1.53,2026-02-25 22:19:59
22418457427,2026-02-25 22:20:01,2026-03-06,Brisbane Broncos,Penrith Panthers,1.72,2.15,2026-02-25 22:19:59
22418457427,2026-02-25 22:20:01,2026-03-07,Cronulla Sutherland Sharks,Gold Coast Titans,1.35,3.29,2026-02-25 22:19:59
22418457427,2026-02-25 22:20:01,2026-03-07,Manly Warringah Sea Eagles,Canberra Raiders,1.9,1.97,2026-02-25 22:19:59
22418457427,2026-02-25 22:20:01,2026-03-08,Dolphins,South Sydney Rabbitohs,1.81,2.05,2026-02-25 22:19:59
22418560011,2026-02-25 22:23:27,2026-03-01,Newcastle Knights,North Queensland Cowboys,2.45,1.6,2026-02-25 22:23:25
22418560011,2026-02-25 22:23:27,2026-03-01,Canterbury Bulldogs,St George Illawarra Dragons,1.4,3.16,2026-02-25 22:23:25
22418560011,2026-02-25 22:23:27,2026-03-05,Melbourne Storm,Parramatta Eels,1.47,2.8,2026-02-25 22:23:25
22418560011,2026-02-25 22:23:27,2026-03-06,New Zealand Warriors,Sydney Roosters,2.62,1.53,2026-02-25 22:23:25
22418560011,2026-02-25 22:23:27,2026-03-06,Brisbane Broncos,Penrith Panthers,1.72,2.15,2026-02-25 22:23:25
22418560011,2026-02-25 22:23:27,2026-03-07,Cronulla Sutherland Sharks,Gold Coast Titans,1.35,3.29,2026-02-25 22:23:25
22418560011,2026-02-25 22:23:27,2026-03-07,Manly Warringah Sea Eagles,Canberra Raiders,1.9,1.97,2026-02-25 22:23:25
22418560011,2026-02-25 22:23:27,2026-03-08,Dolphins,South Sydney Rabbitohs,1.81,2.05,2026-02-25 22:23:25
22419019344,2026-02-25 22:37:43,2026-03-01,Newcastle Knights,North Queensland Cowboys,2.45,1.6,2026-02-25 22:37:41
22419019344,2026-02-25 22:37:43,2026-03-01,Canterbury Bulldogs,St George Illawarra Dragons,1.4,3.16,2026-02-25 22:37:41
22419019344,2026-02-25 22:37:43,2026-03-05,Melbourne Storm,Parramatta Eels,1.47,2.8,2026-02-25 22:37:41
22419019344,2026-02-25 22:37:43,2026-03-06,New Zealand Warriors,Sydney Roosters,2.62,1.53,2026-02-25 22:37:41
22419019344,2026-02-25 22:37:43,2026-03-06,Brisbane Broncos,Penrith Panthers,1.72,2.15,2026-02-25 22:37:41
22419019344,2026-02-25 22:37:43,2026-03-07,Cronulla Sutherland Sharks,Gold Coast Titans,1.35,3.29,2026-02-25 22:37:41
22419019344,2026-02-25 22:37:43,2026-03-07,Manly Warringah Sea Eagles,Canberra Raiders,1.9,1.97,2026-02-25 22:37:41
22419019344,2026-02-25 22:37:43,2026-03-08,Dolphins,South Sydney Rabbitohs,1.81,2.05,2026-02-25 22:37:41
22419461878,2026-02-25 22:51:25,2026-03-01,Newcastle Knights,North Queensland Cowboys,2.45,1.6,2026-02-25 22:51:23
22419461878,2026-02-25 22:51:25,2026-03-01,Canterbury Bulldogs,St George Illawarra Dragons,1.4,3.16,2026-02-25 22:51:23
22419461878,2026-02-25 22:51:25,2026-03-05,Melbourne Storm,Parramatta Eels,1.47,2.8,2026-02-25 22:51:23
22419461878,2026-02-25 22:51:25,2026-03-06,New Zealand Warriors,Sydney Roosters,2.62,1.53,2026-02-25 22:51:23
22419461878,2026-02-25 22:51:25,2026-03-06,Brisbane Broncos,Penrith Panthers,1.72,2.15,2026-02-25 22:51:23
22419461878,2026-02-25 22:51:25,2026-03-07,Cronulla Sutherland Sharks,Gold Coast Titans,1.35,3.29,2026-02-25 22:51:23
22419461878,2026-02-25 22:51:25,2026-03-07,Manly Warringah Sea Eagles,Canberra Raiders,1.9,1.97,2026-02-25 22:51:23
22419461878,2026-02-25 22:51:25,2026-03-08,Dolphins,South Sydney Rabbitohs,1.81,2.05,2026-02-25 22:51:23
22419613056,2026-02-25 22:56:22,2026-03-01,Newcastle Knights,North Queensland Cowboys,2.45,1.6,2026-02-25 22:56:20
22419613056,2026-02-25 22:56:22,2026-03-01,Canterbury Bulldogs,St George Illawarra Dragons,1.4,3.16,2026-02-25 22:56:20
22419613056,2026-02-25 22:56:22,2026-03-05,Melbourne Storm,Parramatta Eels,1.47,2.8,2026-02-25 22:56:20
22419613056,2026-02-25 22:56:22,2026-03-06,New Zealand Warriors,Sydney Roosters,2.62,1.53,2026-02-25 22:56:20
22419613056,2026-02-25 22:56:22,2026-03-06,Brisbane Broncos,Penrith Panthers,1.72,2.15,2026-02-25 22:56:20
22419613056,2026-02-25 22:56:22,2026-03-07,Cronulla Sutherland Sharks,Gold Coast Titans,1.35,3.29,2026-02-25 22:56:20
22419613056,2026-02-25 22:56:22,2026-03-07,Manly Warringah Sea Eagles,Canberra Raiders,1.9,1.97,2026-02-25 22:56:20
22419613056,2026-02-25 22:56:22,2026-03-08,Dolphins,South Sydney Rabbitohs,1.81,2.05,2026-02-25 22:56:20
22419740753,2026-02-25 23:00:44,2026-03-01,Newcastle Knights,North Queensland Cowboys,2.45,1.6,2026-02-25 23:00:37
22419740753,2026-02-25 23:00:44,2026-03-01,Canterbury Bulldogs,St George Illawarra Dragons,1.4,3.16,2026-02-25 23:00:37
22419740753,2026-02-25 23:00:44,2026-03-05,Melbourne Storm,Parramatta Eels,1.47,2.8,2026-02-25 23:00:37
22419740753,2026-02-25 23:00:44,2026-03-06,New Zealand Warriors,Sydney Roosters,2.62,1.53,2026-02-25 23:00:37
22419740753,2026-02-25 23:00:44,2026-03-06,Brisbane Broncos,Penrith Panthers,1.72,2.15,2026-02-25 23:00:37
22419740753,2026-02-25 23:00:44,2026-03-07,Cronulla Sutherland Sharks,Gold Coast Titans,1.35,3.29,2026-02-25 23:00:37
22419740753,2026-02-25 23:00:44,2026-03-07,Manly Warringah Sea Eagles,Canberra Raiders,1.9,1.97,2026-02-25 23:00:37
22419740753,2026-02-25 23:00:44,2026-03-08,Dolphins,South Sydney Rabbitohs,1.81,2.05,2026-02-25 23:00:37
22420095379,2026-02-25 23:11:57,2026-03-01,Newcastle Knights,North Queensland Cowboys,2.45,1.6,2026-02-25 23:11:46
22420095379,2026-02-25 23:11:57,2026-03-01,Canterbury Bulldogs,St George Illawarra Dragons,1.4,3.16,2026-02-25 23:11:46
22420095379,2026-02-25 23:11:57,2026-03-05,Melbourne Storm,Parramatta Eels,1.47,2.8,2026-02-25 23:11:46
22420095379,2026-02-25 23:11:57,2026-03-06,New Zealand Warriors,Sydney Roosters,2.62,1.53,2026-02-25 23:11:46
22420095379,2026-02-25 23:11:57,2026-03-06,Brisbane Broncos,Penrith Panthers,1.72,2.15,2026-02-25 23:11:46
22420095379,2026-02-25 23:11:57,2026-03-07,Cronulla Sutherland Sharks,Gold Coast Titans,1.35,3.29,2026-02-25 23:11:46
22420095379,2026-02-25 23:11:57,2026-03-07,Manly Warringah Sea Eagles,Canberra Raiders,1.9,1.97,2026-02-25 23:11:46
22420095379,2026-02-25 23:11:57,2026-03-08,Dolphins,South Sydney Rabbitohs,1.81,2.05,2026-02-25 23:11:46
22421336295,2026-02-25 23:53:38,2026-03-01,Newcastle Knights,North Queensland Cowboys,2.45,1.6,2026-02-25 23:53:33
22421336295,2026-02-25 23:53:38,2026-03-01,Canterbury Bulldogs,St George Illawarra Dragons,1.4,3.16,2026-02-25 23:53:33
22421336295,2026-02-25 23:53:38,2026-03-05,Melbourne Storm,Parramatta Eels,1.47,2.8,2026-02-25 23:53:33
22421336295,2026-02-25 23:53:38,2026-03-06,New Zealand Warriors,Sydney Roosters,2.62,1.53,2026-02-25 23:53:33
22421336295,2026-02-25 23:53:38,2026-03-06,Brisbane Broncos,Penrith Panthers,1.72,2.15,2026-02-25 23:53:33
22421336295,2026-02-25 23:53:38,2026-03-07,Cronulla Sutherland Sharks,Gold Coast Titans,1.35,3.29,2026-02-25 23:53:33
22421336295,2026-02-25 23:53:38,2026-03-07,Manly Warringah Sea Eagles,Canberra Raiders,1.9,1.97,2026-02-25 23:53:33
22421336295,2026-02-25 23:53:38,2026-03-08,Dolphins,South Sydney Rabbitohs,1.81,2.05,2026-02-25 23:53:33
22421724093,2026-02-26 00:07:54,2026-03-01,Newcastle Knights,North Queensland Cowboys,2.45,1.6,2026-02-26 00:07:38
22421724093,2026-02-26 00:07:54,2026-03-01,Canterbury Bulldogs,St George Illawarra Dragons,1.4,3.16,2026-02-26 00:07:38
22421724093,2026-02-26 00:07:54,2026-03-05,Melbourne Storm,Parramatta Eels,1.47,2.8,2026-02-26 00:07:38
22421724093,2026-02-26 00:07:54,2026-03-06,New Zealand Warriors,Sydney Roosters,2.62,1.53,2026-02-26 00:07:38
22421724093,2026-02-26 00:07:54,2026-03-06,Brisbane Broncos,Penrith Panthers,1.72,2.15,2026-02-26 00:07:38
22421724093,2026-02-26 00:07:54,2026-03-07,Cronulla Sutherland Sharks,Gold Coast Titans,1.35,3.29,2026-02-26 00:07:38
22421724093,2026-02-26 00:07:54,2026-03-07,Manly Warringah Sea Eagles,Canberra Raiders,1.9,1.97,2026-02-26 00:07:38
22421724093,2026-02-26 00:07:54,2026-03-08,Dolphins,South Sydney Rabbitohs,1.81,2.05,2026-02-26 00:07:38
22461167453,2026-02-26 21:05:41,2026-03-01,Newcastle Knights,North Queensland Cowboys,2.3,1.62,2026-02-26 21:05:35
22461167453,2026-02-26 21:05:41,2026-03-01,Canterbury Bulldogs,St George Illawarra Dragons,1.38,3.16,2026-02-26 21:05:35
22461167453,2026-02-26 21:05:41,2026-03-05,Melbourne Storm,Parramatta Eels,1.47,2.8,2026-02-26 21:05:35
22461167453,2026-02-26 21:05:41,2026-03-06,New Zealand Warriors,Sydney Roosters,2.62,1.53,2026-02-26 21:05:35
22461167453,2026-02-26 21:05:41,2026-03-06,Brisbane Broncos,Penrith Panthers,1.72,2.15,2026-02-26 21:05:35
22461167453,2026-02-26 21:05:41,2026-03-07,Cronulla Sutherland Sharks,Gold Coast Titans,1.35,3.29,2026-02-26 21:05:35
22461167453,2026-02-26 21:05:41,2026-03-07,Manly Warringah Sea Eagles,Canberra Raiders,1.9,1.97,2026-02-26 21:05:35
22461167453,2026-02-26 21:05:41,2026-03-08,Dolphins,South Sydney Rabbitohs,1.81,2.05,2026-02-26 21:05:35
22501774007,2026-02-27 20:02:41,2026-03-01,Newcastle Knights,North Queensland Cowboys,2.3,1.7,2026-02-27 20:02:32
22501774007,2026-02-27 20:02:41,2026-03-01,Canterbury Bulldogs,St George Illawarra Dragons,1.38,3.16,2026-02-27 20:02:32
22501774007,2026-02-27 20:02:41,2026-03-05,Melbourne Storm,Parramatta Eels,1.47,2.8,2026-02-27 20:02:32
22501774007,2026-02-27 20:02:41,2026-03-06,New Zealand Warriors,Sydney Roosters,2.62,1.53,2026-02-27 20:02:32
22501774007,2026-02-27 20:02:41,2026-03-06,Brisbane Broncos,Penrith Panthers,1.72,2.15,2026-02-27 20:02:32
22501774007,2026-02-27 20:02:41,2026-03-07,Cronulla Sutherland Sharks,Gold Coast Titans,1.35,3.29,2026-02-27 20:02:32
22501774007,2026-02-27 20:02:41,2026-03-07,Manly Warringah Sea Eagles,Canberra Raiders,1.92,1.92,2026-02-27 20:02:32
22501774007,2026-02-27 20:02:41,2026-03-08,Dolphins,South Sydney Rabbitohs,1.81,2.05,2026-02-27 20:02:32
22527747827,2026-02-28 19:47:26,2026-03-01,Newcastle Knights,North Queensland Cowboys,2.41,1.7,2026-02-28 19:47:21
22527747827,2026-02-28 19:47:26,2026-03-01,Canterbury Bulldogs,St George Illawarra Dragons,1.38,3.1,2026-02-28 19:47:21
22527747827,2026-02-28 19:47:26,2026-03-05,Melbourne Storm,Parramatta Eels,1.49,2.8,2026-02-28 19:47:21
22527747827,2026-02-28 19:47:26,2026-03-06,New Zealand Warriors,Sydney Roosters,2.62,1.53,2026-02-28 19:47:21
22527747827,2026-02-28 19:47:26,2026-03-06,Brisbane Broncos,Penrith Panthers,1.7,2.16,2026-02-28 19:47:21
22527747827,2026-02-28 19:47:26,2026-03-07,Cronulla Sutherland Sharks,Gold Coast Titans,1.35,3.29,2026-02-28 19:47:21
22527747827,2026-02-28 19:47:26,2026-03-07,Manly Warringah Sea Eagles,Canberra Raiders,1.92,1.92,2026-02-28 19:47:21
22527747827,2026-02-28 19:47:26,2026-03-08,Dolphins,South Sydney Rabbitohs,1.9,2.05,2026-02-28 19:47:21
22540523867,2026-03-01 09:30:37,2026-03-05,Melbourne Storm,Parramatta Eels,1.47,2.74,2026-03-01 09:30:29
22540523867,2026-03-01 09:30:37,2026-03-06,New Zealand Warriors,Sydney Roosters,2.65,1.52,2026-03-01 09:30:29
22540523867,2026-03-01 09:30:37,2026-03-06,Brisbane Broncos,Penrith Panthers,1.7,2.16,2026-03-01 09:30:29
22540523867,2026-03-01 09:30:37,2026-03-07,Cronulla Sutherland Sharks,Gold Coast Titans,1.35,3.29,2026-03-01 09:30:29
22540523867,2026-03-01 09:30:37,2026-03-07,Manly Warringah Sea Eagles,Canberra Raiders,1.92,1.92,2026-03-01 09:30:29
22540523867,2026-03-01 09:30:37,2026-03-08,Dolphins,South Sydney Rabbitohs,1.81,2.05,2026-03-01 09:30:29
22551220836,2026-03-01 19:50:02,2026-03-05,Melbourne Storm,Parramatta Eels,1.47,2.74,2026-03-01 19:49:51
22551220836,2026-03-01 19:50:02,2026-03-06,New Zealand Warriors,Sydney Roosters,2.65,1.52,2026-03-01 19:49:51
22551220836,2026-03-01 19:50:02,2026-03-06,Brisbane Broncos,Penrith Panthers,1.7,2.16,2026-03-01 19:49:51
22551220836,2026-03-01 19:50:02,2026-03-07,Cronulla Sutherland Sharks,Gold Coast Titans,1.35,3.29,2026-03-01 19:49:51
22551220836,2026-03-01 19:50:02,2026-03-07,Manly Warringah Sea Eagles,Canberra Raiders,1.92,1.92,2026-03-01 19:49:51
22551220836,2026-03-01 19:50:02,2026-03-08,Dolphins,South Sydney Rabbitohs,1.81,2.05,2026-03-01 19:49:51
22595581610,2026-03-02 21:03:36,2026-03-05,Melbourne Storm,Parramatta Eels,1.5,2.75,2026-03-02 21:03:31
22595581610,2026-03-02 21:03:36,2026-03-06,New Zealand Warriors,Sydney Roosters,2.6,1.54,2026-03-02 21:03:31
22595581610,2026-03-02 21:03:36,2026-03-06,Brisbane Broncos,Penrith Panthers,1.7,2.21,2026-03-02 21:03:31
22595581610,2026-03-02 21:03:36,2026-03-07,Cronulla Sutherland Sharks,Gold Coast Titans,1.35,3.29,2026-03-02 21:03:31
22595581610,2026-03-02 21:03:36,2026-03-07,Manly Warringah Sea Eagles,Canberra Raiders,1.92,1.92,2026-03-02 21:03:31
22595581610,2026-03-02 21:03:36,2026-03-08,Dolphins,South Sydney Rabbitohs,1.81,2.04,2026-03-02 21:03:31
22606334372,2026-03-03 03:03:30,2026-03-05,Melbourne Storm,Parramatta Eels,1.5,2.71,2026-03-03 03:03:25
22606334372,2026-03-03 03:03:30,2026-03-06,New Zealand Warriors,Sydney Roosters,2.6,1.54,2026-03-03 03:03:25
22606334372,2026-03-03 03:03:30,2026-03-06,Brisbane Broncos,Penrith Panthers,1.7,2.21,2026-03-03 03:03:25
22606334372,2026-03-03 03:03:30,2026-03-07,Cronulla Sutherland Sharks,Gold Coast Titans,1.3,3.78,2026-03-03 03:03:25
22606334372,2026-03-03 03:03:30,2026-03-07,Manly Warringah Sea Eagles,Canberra Raiders,1.95,1.92,2026-03-03 03:03:25
22606334372,2026-03-03 03:03:30,2026-03-08,Dolphins,South Sydney Rabbitohs,1.85,2.01,2026-03-03 03:03:25
22606530941,2026-03-03 03:11:39,2026-03-05,Melbourne Storm,Parramatta Eels,1.5,2.71,2026-03-03 03:11:15
22606530941,2026-03-03 03:11:39,2026-03-06,New Zealand Warriors,Sydney Roosters,2.6,1.54,2026-03-03 03:11:15
22606530941,2026-03-03 03:11:39,2026-03-06,Brisbane Broncos,Penrith Panthers,1.7,2.21,2026-03-03 03:11:15
22606530941,2026-03-03 03:11:39,2026-03-07,Cronulla Sutherland Sharks,Gold Coast Titans,1.3,3.78,2026-03-03 03:11:15
22606530941,2026-03-03 03:11:39,2026-03-07,Manly Warringah Sea Eagles,Canberra Raiders,1.95,1.92,2026-03-03 03:11:15
22606530941,2026-03-03 03:11:39,2026-03-08,Dolphins,South Sydney Rabbitohs,1.85,2.01,2026-03-03 03:11:15
22609058271,2026-03-03 05:00:55,2026-03-05,Melbourne Storm,Parramatta Eels,1.5,2.68,2026-03-03 05:00:50
22609058271,2026-03-03 05:00:55,2026-03-06,New Zealand Warriors,Sydney Roosters,2.6,1.54,2026-03-03 05:00:50
22609058271,2026-03-03 05:00:55,2026-03-06,Brisbane Broncos,Penrith Panthers,1.7,2.21,2026-03-03 05:00:50
22609058271,2026-03-03 05:00:55,2026-03-07,Cronulla Sutherland Sharks,Gold Coast Titans,1.3,3.9,2026-03-03 05:00:50
22609058271,2026-03-03 05:00:55,2026-03-07,Manly Warringah Sea Eagles,Canberra Raiders,1.95,1.92,2026-03-03 05:00:50
22609058271,2026-03-03 05:00:55,2026-03-08,Dolphins,South Sydney Rabbitohs,1.85,2.01,2026-03-03 05:00:50
22609461657,2026-03-03 05:18:37,2026-03-05,Melbourne Storm,Parramatta Eels,1.48,2.76,2026-03-03 05:18:32
22609461657,2026-03-03 05:18:37,2026-03-06,New Zealand Warriors,Sydney Roosters,2.65,1.52,2026-03-03 05:18:32
22609461657,2026-03-03 05:18:37,2026-03-06,Brisbane Broncos,Penrith Panthers,1.7,2.19,2026-03-03 05:18:32
22609461657,2026-03-03 05:18:37,2026-03-07,Cronulla Sutherland Sharks,Gold Coast Titans,1.3,3.9,2026-03-03 05:18:32
22609461657,2026-03-03 05:18:37,2026-03-07,Manly Warringah Sea Eagles,Canberra Raiders,2.0,1.93,2026-03-03 05:18:32
22609461657,2026-03-03 05:18:37,2026-03-08,Dolphins,South Sydney Rabbitohs,1.95,2.04,2026-03-03 05:18:32
22609619610,2026-03-03 05:25:06,2026-03-05,Melbourne Storm,Parramatta Eels,1.48,2.76,2026-03-03 05:25:00
22609619610,2026-03-03 05:25:06,2026-03-06,New Zealand Warriors,Sydney Roosters,2.65,1.52,2026-03-03 05:25:00
22609619610,2026-03-03 05:25:06,2026-03-06,Brisbane Broncos,Penrith Panthers,1.7,2.19,2026-03-03 05:25:00
22609619610,2026-03-03 05:25:06,2026-03-07,Cronulla Sutherland Sharks,Gold Coast Titans,1.3,4.0,2026-03-03 05:25:00
22609619610,2026-03-03 05:25:06,2026-03-07,Manly Warringah Sea Eagles,Canberra Raiders,2.0,1.93,2026-03-03 05:25:00
22609619610,2026-03-03 05:25:06,2026-03-08,Dolphins,South Sydney Rabbitohs,1.95,2.01,2026-03-03 05:25:00
22609766553,2026-03-03 05:30:46,2026-03-05,Melbourne Storm,Parramatta Eels,1.48,2.75,2026-03-03 05:30:41
22609766553,2026-03-03 05:30:46,2026-03-06,New Zealand Warriors,Sydney Roosters,2.65,1.52,2026-03-03 05:30:41
22609766553,2026-03-03 05:30:46,2026-03-06,Brisbane Broncos,Penrith Panthers,1.7,2.19,2026-03-03 05:30:41
22609766553,2026-03-03 05:30:46,2026-03-07,Cronulla Sutherland Sharks,Gold Coast Titans,1.3,4.0,2026-03-03 05:30:41
22609766553,2026-03-03 05:30:46,2026-03-07,Manly Warringah Sea Eagles,Canberra Raiders,2.0,1.93,2026-03-03 05:30:41
22609766553,2026-03-03 05:30:46,2026-03-08,Dolphins,South Sydney Rabbitohs,1.95,2.0,2026-03-03 05:30:41
22609902829,2026-03-03 05:36:15,2026-03-05,Melbourne Storm,Parramatta Eels,1.48,2.75,2026-03-03 05:36:10
22609902829,2026-03-03 05:36:15,2026-03-06,New Zealand Warriors,Sydney Roosters,2.65,1.51,2026-03-03 05:36:10
22609902829,2026-03-03 05:36:15,2026-03-06,Brisbane Broncos,Penrith Panthers,1.7,2.19,2026-03-03 05:36:10
22609902829,2026-03-03 05:36:15,2026-03-07,Cronulla Sutherland Sharks,Gold Coast Titans,1.3,4.0,2026-03-03 05:36:10
22609902829,2026-03-03 05:36:15,2026-03-07,Manly Warringah Sea Eagles,Canberra Raiders,2.0,1.93,2026-03-03 05:36:10
22609902829,2026-03-03 05:36:15,2026-03-08,Dolphins,South Sydney Rabbitohs,1.9,2.0,2026-03-03 05:36:10
22610123916,2026-03-03 05:45:20,2026-03-05,Melbourne Storm,Parramatta Eels,1.48,2.75,2026-03-03 05:45:13
22610123916,2026-03-03 05:45:20,2026-03-06,New Zealand Warriors,Sydney Roosters,2.65,1.51,2026-03-03 05:45:13
22610123916,2026-03-03 05:45:20,2026-03-06,Brisbane Broncos,Penrith Panthers,1.7,2.16,2026-03-03 05:45:13
22610123916,2026-03-03 05:45:20,2026-03-07,Cronulla Sutherland Sharks,Gold Coast Titans,1.3,4.0,2026-03-03 05:45:13
22610123916,2026-03-03 05:45:20,2026-03-07,Manly Warringah Sea Eagles,Canberra Raiders,2.0,1.93,2026-03-03 05:45:13
22610123916,2026-03-03 05:45:20,2026-03-08,Dolphins,South Sydney Rabbitohs,1.9,2.0,2026-03-03 05:45:13
22610380718,2026-03-03 05:55:45,2026-03-05,Melbourne Storm,Parramatta Eels,1.48,2.78,2026-03-03 05:55:38
22610380718,2026-03-03 05:55:45,2026-03-06,New Zealand Warriors,Sydney Roosters,2.65,1.51,2026-03-03 05:55:38
22610380718,2026-03-03 05:55:45,2026-03-06,Brisbane Broncos,Penrith Panthers,1.7,2.16,2026-03-03 05:55:38
22610380718,2026-03-03 05:55:45,2026-03-07,Cronulla Sutherland Sharks,Gold Coast Titans,1.3,4.0,2026-03-03 05:55:38
22610380718,2026-03-03 05:55:45,2026-03-07,Manly Warringah Sea Eagles,Canberra Raiders,2.0,1.93,2026-03-03 05:55:38
22610380718,2026-03-03 05:55:45,2026-03-08,Dolphins,South Sydney Rabbitohs,1.9,2.0,2026-03-03 05:55:38
22642316396,2026-03-03 20:55:49,2026-03-05,Melbourne Storm,Parramatta Eels,1.45,2.89,2026-03-03 20:55:42
22642316396,2026-03-03 20:55:49,2026-03-06,New Zealand Warriors,Sydney Roosters,2.57,1.52,2026-03-03 20:55:42
22642316396,2026-03-03 20:55:49,2026-03-06,Brisbane Broncos,Penrith Panthers,1.7,2.16,2026-03-03 20:55:42
22642316396,2026-03-03 20:55:49,2026-03-07,Cronulla Sutherland Sharks,Gold Coast Titans,1.28,3.9,2026-03-03 20:55:42
22642316396,2026-03-03 20:55:49,2026-03-07,Manly Warringah Sea Eagles,Canberra Raiders,1.91,1.95,2026-03-03 20:55:42
22642316396,2026-03-03 20:55:49,2026-03-08,Dolphins,South Sydney Rabbitohs,1.9,2.0,2026-03-03 20:55:42
22688962947,2026-03-04 20:58:02,2026-03-05,Melbourne Storm,Parramatta Eels,1.45,3.0,2026-03-04 20:57:55
22688962947,2026-03-04 20:58:02,2026-03-06,New Zealand Warriors,Sydney Roosters,2.55,1.54,2026-03-04 20:57:55
22688962947,2026-03-04 20:58:02,2026-03-06,Brisbane Broncos,Penrith Panthers,1.7,2.23,2026-03-04 20:57:55
22688962947,2026-03-04 20:58:02,2026-03-07,Cronulla Sutherland Sharks,Gold Coast Titans,1.28,3.9,2026-03-04 20:57:55
22688962947,2026-03-04 20:58:02,2026-03-07,Manly Warringah Sea Eagles,Canberra Raiders,1.91,1.93,2026-03-04 20:57:55
22688962947,2026-03-04 20:58:02,2026-03-08,Dolphins,South Sydney Rabbitohs,1.85,2.0,2026-03-04 20:57:55
22688962947,2026-03-04 20:58:02,2026-03-12,Brisbane Broncos,Parramatta Eels,1.34,3.28,2026-03-04 20:57:55
22688962947,2026-03-04 20:58:02,2026-03-13,New Zealand Warriors,Canberra Raiders,1.82,2.02,2026-03-04 20:57:55
22688962947,2026-03-04 20:58:02,2026-03-13,Sydney Roosters,South Sydney Rabbitohs,1.63,2.3,2026-03-04 20:57:55
22688962947,2026-03-04 20:58:02,2026-03-14,Wests Tigers,North Queensland Cowboys,1.62,2.31,2026-03-04 20:57:55
22688962947,2026-03-04 20:58:02,2026-03-14,St George Illawarra Dragons,Melbourne Storm,2.83,1.43,2026-03-04 20:57:55
22688962947,2026-03-04 20:58:02,2026-03-14,Penrith Panthers,Cronulla Sutherland Sharks,1.46,2.74,2026-03-04 20:57:55
22688962947,2026-03-04 20:58:02,2026-03-15,Manly Warringah Sea Eagles,Newcastle Knights,1.5,2.61,2026-03-04 20:57:55
22688962947,2026-03-04 20:58:02,2026-03-15,Dolphins,Gold Coast Titans,1.36,3.16,2026-03-04 20:57:55
22736645709,2026-03-05 21:05:02,2026-03-06,New Zealand Warriors,Sydney Roosters,2.55,1.55,2026-03-05 21:04:08
22736645709,2026-03-05 21:05:02,2026-03-06,Brisbane Broncos,Penrith Panthers,1.7,2.23,2026-03-05 21:04:08
22736645709,2026-03-05 21:05:02,2026-03-07,Cronulla Sutherland Sharks,Gold Coast Titans,1.28,3.85,2026-03-05 21:04:08
22736645709,2026-03-05 21:05:02,2026-03-07,Manly Warringah Sea Eagles,Canberra Raiders,1.91,1.95,2026-03-05 21:04:08
22736645709,2026-03-05 21:05:02,2026-03-08,Dolphins,South Sydney Rabbitohs,1.85,2.05,2026-03-05 21:04:08
22736645709,2026-03-05 21:05:02,2026-03-12,Brisbane Broncos,Parramatta Eels,1.26,3.85,2026-03-05 21:04:08
22736645709,2026-03-05 21:05:02,2026-03-13,New Zealand Warriors,Canberra Raiders,1.82,2.02,2026-03-05 21:04:08
22736645709,2026-03-05 21:05:02,2026-03-13,Sydney Roosters,South Sydney Rabbitohs,1.63,2.3,2026-03-05 21:04:08
22736645709,2026-03-05 21:05:02,2026-03-14,Wests Tigers,North Queensland Cowboys,1.62,2.31,2026-03-05 21:04:08
22736645709,2026-03-05 21:05:02,2026-03-14,St George Illawarra Dragons,Melbourne Storm,2.83,1.43,2026-03-05 21:04:08
22736645709,2026-03-05 21:05:02,2026-03-14,Penrith Panthers,Cronulla Sutherland Sharks,1.46,2.74,2026-03-05 21:04:08
22736645709,2026-03-05 21:05:02,2026-03-15,Manly Warringah Sea Eagles,Newcastle Knights,1.5,2.61,2026-03-05 21:04:08
22736645709,2026-03-05 21:05:02,2026-03-15,Dolphins,Gold Coast Titans,1.36,3.16,2026-03-05 21:04:08
22779848510,2026-03-06 20:02:45,2026-03-07,Cronulla Sutherland Sharks,Gold Coast Titans,1.3,3.8,2026-03-06 20:02:27
22779848510,2026-03-06 20:02:45,2026-03-07,Manly Warringah Sea Eagles,Canberra Raiders,1.91,2.05,2026-03-06 20:02:27
22779848510,2026-03-06 20:02:45,2026-03-08,Dolphins,South Sydney Rabbitohs,1.82,2.05,2026-03-06 20:02:27
22779848510,2026-03-06 20:02:45,2026-03-13,New Zealand Warriors,Canberra Raiders,1.65,2.29,2026-03-06 20:02:27
22779848510,2026-03-06 20:02:45,2026-03-13,Sydney Roosters,South Sydney Rabbitohs,1.65,2.3,2026-03-06 20:02:27
22779848510,2026-03-06 20:02:45,2026-03-14,Wests Tigers,North Queensland Cowboys,1.62,2.31,2026-03-06 20:02:27
22779848510,2026-03-06 20:02:45,2026-03-14,St George Illawarra Dragons,Melbourne Storm,2.85,1.43,2026-03-06 20:02:27
22779848510,2026-03-06 20:02:45,2026-03-14,Penrith Panthers,Cronulla Sutherland Sharks,1.36,3.16,2026-03-06 20:02:27
22779848510,2026-03-06 20:02:45,2026-03-15,Manly Warringah Sea Eagles,Newcastle Knights,1.53,2.61,2026-03-06 20:02:27
22779848510,2026-03-06 20:02:45,2026-03-15,Dolphins,Gold Coast Titans,1.37,3.16,2026-03-06 20:02:27
22806006409,2026-03-07 19:49:37,2026-03-08,Dolphins,South Sydney Rabbitohs,1.79,2.15,2026-03-07 19:49:29
22806006409,2026-03-07 19:49:37,2026-03-12,Brisbane Broncos,Parramatta Eels,1.3,3.6,2026-03-07 19:49:29
22806006409,2026-03-07 19:49:37,2026-03-13,New Zealand Warriors,Canberra Raiders,1.65,2.28,2026-03-07 19:49:29
22806006409,2026-03-07 19:49:37,2026-03-13,Sydney Roosters,South Sydney Rabbitohs,1.68,2.3,2026-03-07 19:49:29
22806006409,2026-03-07 19:49:37,2026-03-14,Wests Tigers,North Queensland Cowboys,1.65,2.31,2026-03-07 19:49:29
22806006409,2026-03-07 19:49:37,2026-03-14,St George Illawarra Dragons,Melbourne Storm,2.9,1.43,2026-03-07 19:49:29
22806006409,2026-03-07 19:49:37,2026-03-14,Penrith Panthers,Cronulla Sutherland Sharks,1.42,2.99,2026-03-07 19:49:29
22806006409,2026-03-07 19:49:37,2026-03-15,Manly Warringah Sea Eagles,Newcastle Knights,1.58,2.39,2026-03-07 19:49:29
22806006409,2026-03-07 19:49:37,2026-03-15,Dolphins,Gold Coast Titans,1.35,3.56,2026-03-07 19:49:29
22828573399,2026-03-08 19:52:03,2026-03-12,Brisbane Broncos,Parramatta Eels,1.28,3.8,2026-03-08 19:51:57
22828573399,2026-03-08 19:52:03,2026-03-13,New Zealand Warriors,Canberra Raiders,1.9,1.98,2026-03-08 19:51:57
22828573399,2026-03-08 19:52:03,2026-03-13,Sydney Roosters,South Sydney Rabbitohs,1.8,2.07,2026-03-08 19:51:57
22828573399,2026-03-08 19:52:03,2026-03-14,Wests Tigers,North Queensland Cowboys,1.6,2.6,2026-03-08 19:51:57
22828573399,2026-03-08 19:52:03,2026-03-14,St George Illawarra Dragons,Melbourne Storm,3.0,1.42,2026-03-08 19:51:57
22828573399,2026-03-08 19:52:03,2026-03-14,Penrith Panthers,Cronulla Sutherland Sharks,1.41,3.0,2026-03-08 19:51:57
22828573399,2026-03-08 19:52:03,2026-03-15,Manly Warringah Sea Eagles,Newcastle Knights,1.62,2.41,2026-03-08 19:51:57
22828573399,2026-03-08 19:52:03,2026-03-15,Dolphins,Gold Coast Titans,1.37,3.25,2026-03-08 19:51:57
22835440616,2026-03-09 02:08:46,2026-03-12,Brisbane Broncos,Parramatta Eels,1.28,3.8,2026-03-09 02:08:35
22835440616,2026-03-09 02:08:46,2026-03-13,New Zealand Warriors,Canberra Raiders,1.95,1.98,2026-03-09 02:08:35
22835440616,2026-03-09 02:08:46,2026-03-13,Sydney Roosters,South Sydney Rabbitohs,1.8,2.07,2026-03-09 02:08:35
22835440616,2026-03-09 02:08:46,2026-03-14,Wests Tigers,North Queensland Cowboys,1.6,2.54,2026-03-09 02:08:35
22835440616,2026-03-09 02:08:46,2026-03-14,St George Illawarra Dragons,Melbourne Storm,3.0,1.42,2026-03-09 02:08:35
22835440616,2026-03-09 02:08:46,2026-03-14,Penrith Panthers,Cronulla Sutherland Sharks,1.4,3.0,2026-03-09 02:08:35
22835440616,2026-03-09 02:08:46,2026-03-15,Manly Warringah Sea Eagles,Newcastle Knights,1.67,2.41,2026-03-09 02:08:35
22835440616,2026-03-09 02:08:46,2026-03-15,Dolphins,Gold Coast Titans,1.4,3.1,2026-03-09 02:08:35
22835721741,2026-03-09 02:21:49,2026-03-12,Brisbane Broncos,Parramatta Eels,1.28,3.8,2026-03-09 02:21:35
22835721741,2026-03-09 02:21:49,2026-03-13,New Zealand Warriors,Canberra Raiders,1.95,1.98,2026-03-09 02:21:35
22835721741,2026-03-09 02:21:49,2026-03-13,Sydney Roosters,South Sydney Rabbitohs,1.8,2.07,2026-03-09 02:21:35
22835721741,2026-03-09 02:21:49,2026-03-14,Wests Tigers,North Queensland Cowboys,1.6,2.54,2026-03-09 02:21:35
22835721741,2026-03-09 02:21:49,2026-03-14,St George Illawarra Dragons,Melbourne Storm,3.0,1.42,2026-03-09 02:21:35
22835721741,2026-03-09 02:21:49,2026-03-14,Penrith Panthers,Cronulla Sutherland Sharks,1.4,3.0,2026-03-09 02:21:35
22835721741,2026-03-09 02:21:49,2026-03-15,Manly Warringah Sea Eagles,Newcastle Knights,1.67,2.41,2026-03-09 02:21:35
22835721741,2026-03-09 02:21:49,2026-03-15,Dolphins,Gold Coast Titans,1.4,3.1,2026-03-09 02:21:35
"22835901084","2026-03-09 02:30:31","2026-03-12","Brisbane Broncos","Parramatta Eels","1.28","3.8","2026-03-09 02:30:24"
"22835901084","2026-03-09 02:30:31","2026-03-13","New Zealand Warriors","Canberra Raiders","1.95","1.98","2026-03-09 02:30:24"
"22835901084","2026-03-09 02:30:31","2026-03-13","Sydney Roosters","South Sydney Rabbitohs","1.8","2.07","2026-03-09 02:30:24"
"22835901084","2026-03-09 02:30:31","2026-03-14","Wests Tigers","North Queensland Cowboys","1.6","2.54","2026-03-09 02:30:24"
"22835901084","2026-03-09 02:30:31","2026-03-14","St George Illawarra Dragons","Melbourne Storm","3.0","1.42","2026-03-09 02:30:24"
"22835901084","2026-03-09 02:30:31","2026-03-14","Penrith Panthers","Cronulla Sutherland Sharks","1.4","3.0","2026-03-09 02:30:24"
"22835901084","2026-03-09 02:30:31","2026-03-15","Manly Warringah Sea Eagles","Newcastle Knights","1.67","2.41","2026-03-09 02:30:24"
"22835901084","2026-03-09 02:30:31","2026-03-15","Dolphins","Gold Coast Titans","1.4","3.1","2026-03-09 02:30:24"
"22836130923","2026-03-09 02:41:54","2026-03-12","Brisbane Broncos","Parramatta Eels","1.28","3.8","2026-03-09 02:41:47"
"22836130923","2026-03-09 02:41:54","2026-03-13","New Zealand Warriors","Canberra Raiders","1.95","1.98","2026-03-09 02:41:47"
"22836130923","2026-03-09 02:41:54","2026-03-13","Sydney Roosters","South Sydney Rabbitohs","1.8","2.07","2026-03-09 02:41:47"
"22836130923","2026-03-09 02:41:54","2026-03-14","Wests Tigers","North Queensland Cowboys","1.6","2.54","2026-03-09 02:41:47"
"22836130923","2026-03-09 02:41:54","2026-03-14","St George Illawarra Dragons","Melbourne Storm","3.0","1.42","2026-03-09 02:41:47"
"22836130923","2026-03-09 02:41:54","2026-03-14","Penrith Panthers","Cronulla Sutherland Sharks","1.4","3.0","2026-03-09 02:41:47"
"22836130923","2026-03-09 02:41:54","2026-03-15","Manly Warringah Sea Eagles","Newcastle Knights","1.67","2.41","2026-03-09 02:41:47"
"22836130923","2026-03-09 02:41:54","2026-03-15","Dolphins","Gold Coast Titans","1.4","3.1","2026-03-09 02:41:47"
"22836205316","2026-03-09 02:45:32","2026-03-12","Brisbane Broncos","Parramatta Eels","1.28","3.8","2026-03-09 02:45:27"
"22836205316","2026-03-09 02:45:32","2026-03-13","New Zealand Warriors","Canberra Raiders","1.95","1.98","2026-03-09 02:45:27"
"22836205316","2026-03-09 02:45:32","2026-03-13","Sydney Roosters","South Sydney Rabbitohs","1.8","2.07","2026-03-09 02:45:27"
"22836205316","2026-03-09 02:45:32","2026-03-14","Wests Tigers","North Queensland Cowboys","1.6","2.54","2026-03-09 02:45:27"
"22836205316","2026-03-09 02:45:32","2026-03-14","St George Illawarra Dragons","Melbourne Storm","3.0","1.42","2026-03-09 02:45:27"
"22836205316","2026-03-09 02:45:32","2026-03-14","Penrith Panthers","Cronulla Sutherland Sharks","1.4","3.0","2026-03-09 02:45:27"
"22836205316","2026-03-09 02:45:32","2026-03-15","Manly Warringah Sea Eagles","Newcastle Knights","1.67","2.41","2026-03-09 02:45:27"
"22836205316","2026-03-09 02:45:32","2026-03-15","Dolphins","Gold Coast Titans","1.4","3.1","2026-03-09 02:45:27"
"22836318279","2026-03-09 02:51:08","2026-03-12","Brisbane Broncos","Parramatta Eels","1.28","3.8","2026-03-09 02:51:02"
"22836318279","2026-03-09 02:51:08","2026-03-13","New Zealand Warriors","Canberra Raiders","1.95","1.98","2026-03-09 02:51:02"
"22836318279","2026-03-09 02:51:08","2026-03-13","Sydney Roosters","South Sydney Rabbitohs","1.8","2.07","2026-03-09 02:51:02"
"22836318279","2026-03-09 02:51:08","2026-03-14","Wests Tigers","North Queensland Cowboys","1.6","2.54","2026-03-09 02:51:02"
"22836318279","2026-03-09 02:51:08","2026-03-14","St George Illawarra Dragons","Melbourne Storm","3.0","1.42","2026-03-09 02:51:02"
"22836318279","2026-03-09 02:51:08","2026-03-14","Penrith Panthers","Cronulla Sutherland Sharks","1.4","3.0","2026-03-09 02:51:02"
"22836318279","2026-03-09 02:51:08","2026-03-15","Manly Warringah Sea Eagles","Newcastle Knights","1.67","2.41","2026-03-09 02:51:02"
"22836318279","2026-03-09 02:51:08","2026-03-15","Dolphins","Gold Coast Titans","1.4","3.1","2026-03-09 02:51:02"
"22836708714","2026-03-09 03:09:41","2026-03-12","Brisbane Broncos","Parramatta Eels","1.28","3.8","2026-03-09 03:09:33"
"22836708714","2026-03-09 03:09:41","2026-03-13","New Zealand Warriors","Canberra Raiders","1.95","1.98","2026-03-09 03:09:33"
"22836708714","2026-03-09 03:09:41","2026-03-13","Sydney Roosters","South Sydney Rabbitohs","1.8","2.07","2026-03-09 03:09:33"
"22836708714","2026-03-09 03:09:41","2026-03-14","Wests Tigers","North Queensland Cowboys","1.6","2.54","2026-03-09 03:09:33"
"22836708714","2026-03-09 03:09:41","2026-03-14","St George Illawarra Dragons","Melbourne Storm","3.0","1.42","2026-03-09 03:09:33"
"22836708714","2026-03-09 03:09:41","2026-03-14","Penrith Panthers","Cronulla Sutherland Sharks","1.4","3.0","2026-03-09 03:09:33"
"22836708714","2026-03-09 03:09:41","2026-03-15","Manly Warringah Sea Eagles","Newcastle Knights","1.67","2.41","2026-03-09 03:09:33"
"22836708714","2026-03-09 03:09:41","2026-03-15","Dolphins","Gold Coast Titans","1.4","3.1","2026-03-09 03:09:33"
"22874558655","2026-03-09 21:01:00","2026-03-12","Brisbane Broncos","Parramatta Eels","1.28","3.9","2026-03-09 21:00:52"
"22874558655","2026-03-09 21:01:00","2026-03-13","New Zealand Warriors","Canberra Raiders","1.95","1.98","2026-03-09 21:00:52"
"22874558655","2026-03-09 21:01:00","2026-03-13","Sydney Roosters","South Sydney Rabbitohs","1.88","2.05","2026-03-09 21:00:52"
"22874558655","2026-03-09 21:01:00","2026-03-14","Wests Tigers","North Queensland Cowboys","1.55","2.61","2026-03-09 21:00:52"
"22874558655","2026-03-09 21:01:00","2026-03-14","St George Illawarra Dragons","Melbourne Storm","3.0","1.4","2026-03-09 21:00:52"
"22874558655","2026-03-09 21:01:00","2026-03-14","Penrith Panthers","Cronulla Sutherland Sharks","1.42","3.0","2026-03-09 21:00:52"
"22874558655","2026-03-09 21:01:00","2026-03-15","Manly Warringah Sea Eagles","Newcastle Knights","1.65","2.43","2026-03-09 21:00:52"
"22874558655","2026-03-09 21:01:00","2026-03-15","Dolphins","Gold Coast Titans","1.4","3.05","2026-03-09 21:00:52"
"22898093276","2026-03-10 10:28:20","2026-03-12","Brisbane Broncos","Parramatta Eels","1.28","3.9","2026-03-10 10:28:11"
"22898093276","2026-03-10 10:28:20","2026-03-13","New Zealand Warriors","Canberra Raiders","1.9","2.04","2026-03-10 10:28:11"
"22898093276","2026-03-10 10:28:20","2026-03-13","Sydney Roosters","South Sydney Rabbitohs","1.83","2.1","2026-03-10 10:28:11"
"22898093276","2026-03-10 10:28:20","2026-03-14","Wests Tigers","North Queensland Cowboys","1.62","2.49","2026-03-10 10:28:11"
"22898093276","2026-03-10 10:28:20","2026-03-14","St George Illawarra Dragons","Melbourne Storm","3.16","1.4","2026-03-10 10:28:11"
"22898093276","2026-03-10 10:28:20","2026-03-14","Penrith Panthers","Cronulla Sutherland Sharks","1.33","3.36","2026-03-10 10:28:11"
"22898093276","2026-03-10 10:28:20","2026-03-15","Manly Warringah Sea Eagles","Newcastle Knights","1.6","2.41","2026-03-10 10:28:11"
"22898093276","2026-03-10 10:28:20","2026-03-15","Dolphins","Gold Coast Titans","1.38","3.11","2026-03-10 10:28:11"
"22923974079","2026-03-10 20:58:34","2026-03-12","Brisbane Broncos","Parramatta Eels","1.28","3.9","2026-03-10 20:58:28"
"22923974079","2026-03-10 20:58:34","2026-03-13","New Zealand Warriors","Canberra Raiders","1.9","2.04","2026-03-10 20:58:28"
"22923974079","2026-03-10 20:58:34","2026-03-13","Sydney Roosters","South Sydney Rabbitohs","1.83","2.1","2026-03-10 20:58:28"
"22923974079","2026-03-10 20:58:34","2026-03-14","Wests Tigers","North Queensland Cowboys","1.62","2.49","2026-03-10 20:58:28"
"22923974079","2026-03-10 20:58:34","2026-03-14","St George Illawarra Dragons","Melbourne Storm","3.16","1.4","2026-03-10 20:58:28"
"22923974079","2026-03-10 20:58:34","2026-03-14","Penrith Panthers","Cronulla Sutherland Sharks","1.33","3.36","2026-03-10 20:58:28"
"22923974079","2026-03-10 20:58:34","2026-03-15","Manly Warringah Sea Eagles","Newcastle Knights","1.6","2.41","2026-03-10 20:58:28"
"22923974079","2026-03-10 20:58:34","2026-03-15","Dolphins","Gold Coast Titans","1.38","3.11","2026-03-10 20:58:28"
"22924389565","2026-03-10 21:09:22","2026-03-12","Brisbane Broncos","Parramatta Eels","1.28","3.9","2026-03-10 21:09:10"
"22924389565","2026-03-10 21:09:22","2026-03-13","New Zealand Warriors","Canberra Raiders","1.9","2.04","2026-03-10 21:09:10"
"22924389565","2026-03-10 21:09:22","2026-03-13","Sydney Roosters","South Sydney Rabbitohs","1.83","2.1","2026-03-10 21:09:10"
"22924389565","2026-03-10 21:09:22","2026-03-14","Wests Tigers","North Queensland Cowboys","1.62","2.49","2026-03-10 21:09:10"
"22924389565","2026-03-10 21:09:22","2026-03-14","St George Illawarra Dragons","Melbourne Storm","3.16","1.4","2026-03-10 21:09:10"
"22924389565","2026-03-10 21:09:22","2026-03-14","Penrith Panthers","Cronulla Sutherland Sharks","1.33","3.36","2026-03-10 21:09:10"
"22924389565","2026-03-10 21:09:22","2026-03-15","Manly Warringah Sea Eagles","Newcastle Knights","1.6","2.41","2026-03-10 21:09:10"
"22924389565","2026-03-10 21:09:22","2026-03-15","Dolphins","Gold Coast Titans","1.38","3.11","2026-03-10 21:09:10"
"22924804487","2026-03-10 21:20:26","2026-03-12","Brisbane Broncos","Parramatta Eels","1.28","3.9","2026-03-10 21:20:21"
"22924804487","2026-03-10 21:20:26","2026-03-13","New Zealand Warriors","Canberra Raiders","1.9","2.04","2026-03-10 21:20:21"
"22924804487","2026-03-10 21:20:26","2026-03-13","Sydney Roosters","South Sydney Rabbitohs","1.83","2.1","2026-03-10 21:20:21"
"22924804487","2026-03-10 21:20:26","2026-03-14","Wests Tigers","North Queensland Cowboys","1.62","2.49","2026-03-10 21:20:21"
"22924804487","2026-03-10 21:20:26","2026-03-14","St George Illawarra Dragons","Melbourne Storm","3.16","1.4","2026-03-10 21:20:21"
"22924804487","2026-03-10 21:20:26","2026-03-14","Penrith Panthers","Cronulla Sutherland Sharks","1.33","3.36","2026-03-10 21:20:21"
"22924804487","2026-03-10 21:20:26","2026-03-15","Manly Warringah Sea Eagles","Newcastle Knights","1.6","2.41","2026-03-10 21:20:21"
"22924804487","2026-03-10 21:20:26","2026-03-15","Dolphins","Gold Coast Titans","1.38","3.11","2026-03-10 21:20:21"
"22925120417","2026-03-10 21:28:54","2026-03-12","Brisbane Broncos","Parramatta Eels","1.28","3.9","2026-03-10 21:28:45"
"22925120417","2026-03-10 21:28:54","2026-03-13","New Zealand Warriors","Canberra Raiders","1.9","2.04","2026-03-10 21:28:45"
"22925120417","2026-03-10 21:28:54","2026-03-13","Sydney Roosters","South Sydney Rabbitohs","1.83","2.1","2026-03-10 21:28:45"
"22925120417","2026-03-10 21:28:54","2026-03-14","Wests Tigers","North Queensland Cowboys","1.62","2.49","2026-03-10 21:28:45"
"22925120417","2026-03-10 21:28:54","2026-03-14","St George Illawarra Dragons","Melbourne Storm","3.16","1.4","2026-03-10 21:28:45"
"22925120417","2026-03-10 21:28:54","2026-03-14","Penrith Panthers","Cronulla Sutherland Sharks","1.33","3.36","2026-03-10 21:28:45"
"22925120417","2026-03-10 21:28:54","2026-03-15","Manly Warringah Sea Eagles","Newcastle Knights","1.62","2.41","2026-03-10 21:28:45"
"22925120417","2026-03-10 21:28:54","2026-03-15","Dolphins","Gold Coast Titans","1.38","3.11","2026-03-10 21:28:45"
"22925370466","2026-03-10 21:35:50","2026-03-12","Brisbane Broncos","Parramatta Eels","1.28","3.9","2026-03-10 21:35:40"
"22925370466","2026-03-10 21:35:50","2026-03-13","New Zealand Warriors","Canberra Raiders","1.9","2.04","2026-03-10 21:35:40"
"22925370466","2026-03-10 21:35:50","2026-03-13","Sydney Roosters","South Sydney Rabbitohs","1.83","2.1","2026-03-10 21:35:40"
"22925370466","2026-03-10 21:35:50","2026-03-14","Wests Tigers","North Queensland Cowboys","1.62","2.49","2026-03-10 21:35:40"
"22925370466","2026-03-10 21:35:50","2026-03-14","St George Illawarra Dragons","Melbourne Storm","3.16","1.4","2026-03-10 21:35:40"
"22925370466","2026-03-10 21:35:50","2026-03-14","Penrith Panthers","Cronulla Sutherland Sharks","1.33","3.36","2026-03-10 21:35:40"
"22925370466","2026-03-10 21:35:50","2026-03-15","Manly Warringah Sea Eagles","Newcastle Knights","1.6","2.41","2026-03-10 21:35:40"
"22925370466","2026-03-10 21:35:50","2026-03-15","Dolphins","Gold Coast Titans","1.38","3.11","2026-03-10 21:35:40"
"22925793420","2026-03-10 21:48:07","2026-03-12","Brisbane Broncos","Parramatta Eels","1.27","3.9","2026-03-10 21:47:59"
"22925793420","2026-03-10 21:48:07","2026-03-13","New Zealand Warriors","Canberra Raiders","1.9","2.04","2026-03-10 21:47:59"
"22925793420","2026-03-10 21:48:07","2026-03-13","Sydney Roosters","South Sydney Rabbitohs","1.83","2.1","2026-03-10 21:47:59"
"22925793420","2026-03-10 21:48:07","2026-03-14","Wests Tigers","North Queensland Cowboys","1.62","2.49","2026-03-10 21:47:59"
"22925793420","2026-03-10 21:48:07","2026-03-14","St George Illawarra Dragons","Melbourne Storm","3.16","1.4","2026-03-10 21:47:59"
"22925793420","2026-03-10 21:48:07","2026-03-14","Penrith Panthers","Cronulla Sutherland Sharks","1.33","3.36","2026-03-10 21:47:59"
"22925793420","2026-03-10 21:48:07","2026-03-15","Manly Warringah Sea Eagles","Newcastle Knights","1.6","2.41","2026-03-10 21:47:59"
"22925793420","2026-03-10 21:48:07","2026-03-15","Dolphins","Gold Coast Titans","1.38","3.11","2026-03-10 21:47:59"
"22926371013","2026-03-10 22:05:03","2026-03-12","Brisbane Broncos","Parramatta Eels","1.28","3.9","2026-03-10 22:04:51"
"22926371013","2026-03-10 22:05:03","2026-03-13","New Zealand Warriors","Canberra Raiders","1.9","2.04","2026-03-10 22:04:51"
"22926371013","2026-03-10 22:05:03","2026-03-13","Sydney Roosters","South Sydney Rabbitohs","1.83","2.1","2026-03-10 22:04:51"
"22926371013","2026-03-10 22:05:03","2026-03-14","Wests Tigers","North Queensland Cowboys","1.62","2.49","2026-03-10 22:04:51"
"22926371013","2026-03-10 22:05:03","2026-03-14","St George Illawarra Dragons","Melbourne Storm","3.16","1.4","2026-03-10 22:04:51"
"22926371013","2026-03-10 22:05:03","2026-03-14","Penrith Panthers","Cronulla Sutherland Sharks","1.33","3.36","2026-03-10 22:04:51"
"22926371013","2026-03-10 22:05:03","2026-03-15","Manly Warringah Sea Eagles","Newcastle Knights","1.6","2.41","2026-03-10 22:04:51"
"22926371013","2026-03-10 22:05:03","2026-03-15","Dolphins","Gold Coast Titans","1.38","3.11","2026-03-10 22:04:51"
"22926680736","2026-03-10 22:13:22","2026-03-12","Brisbane Broncos","Parramatta Eels","1.28","3.9","2026-03-10 22:13:11"
"22926680736","2026-03-10 22:13:22","2026-03-13","New Zealand Warriors","Canberra Raiders","1.9","2.04","2026-03-10 22:13:11"
"22926680736","2026-03-10 22:13:22","2026-03-13","Sydney Roosters","South Sydney Rabbitohs","1.83","2.1","2026-03-10 22:13:11"
"22926680736","2026-03-10 22:13:22","2026-03-14","Wests Tigers","North Queensland Cowboys","1.62","2.49","2026-03-10 22:13:11"
"22926680736","2026-03-10 22:13:22","2026-03-14","St George Illawarra Dragons","Melbourne Storm","3.16","1.4","2026-03-10 22:13:11"
"22926680736","2026-03-10 22:13:22","2026-03-14","Penrith Panthers","Cronulla Sutherland Sharks","1.33","3.36","2026-03-10 22:13:11"
"22926680736","2026-03-10 22:13:22","2026-03-15","Manly Warringah Sea Eagles","Newcastle Knights","1.6","2.41","2026-03-10 22:13:11"
"22926680736","2026-03-10 22:13:22","2026-03-15","Dolphins","Gold Coast Titans","1.38","3.11","2026-03-10 22:13:11"
"22933416099","2026-03-11 02:13:30","2026-03-12","Brisbane Broncos","Parramatta Eels","1.26","4.0","2026-03-11 02:13:19"
"22933416099","2026-03-11 02:13:30","2026-03-13","New Zealand Warriors","Canberra Raiders","1.9","2.04","2026-03-11 02:13:19"
"22933416099","2026-03-11 02:13:30","2026-03-13","Sydney Roosters","South Sydney Rabbitohs","1.83","2.1","2026-03-11 02:13:19"
"22933416099","2026-03-11 02:13:30","2026-03-14","Wests Tigers","North Queensland Cowboys","1.62","2.49","2026-03-11 02:13:19"
"22933416099","2026-03-11 02:13:30","2026-03-14","St George Illawarra Dragons","Melbourne Storm","3.16","1.4","2026-03-11 02:13:19"
"22933416099","2026-03-11 02:13:30","2026-03-14","Penrith Panthers","Cronulla Sutherland Sharks","1.33","3.4","2026-03-11 02:13:19"
"22933416099","2026-03-11 02:13:30","2026-03-15","Manly Warringah Sea Eagles","Newcastle Knights","1.6","2.39","2026-03-11 02:13:19"
"22933416099","2026-03-11 02:13:30","2026-03-15","Dolphins","Gold Coast Titans","1.4","3.1","2026-03-11 02:13:19"
"22933416099","2026-03-11 02:13:30","2026-03-19","Canberra Raiders","Canterbury Bulldogs","1.64","2.26","2026-03-11 02:13:19"
"22933416099","2026-03-11 02:13:30","2026-03-20","Sydney Roosters","Penrith Panthers","2.41","1.57","2026-03-11 02:13:19"
"22933416099","2026-03-11 02:13:30","2026-03-20","Melbourne Storm","Brisbane Broncos","1.57","2.42","2026-03-11 02:13:19"
"22933416099","2026-03-11 02:13:30","2026-03-21","Newcastle Knights","New Zealand Warriors","1.83","2.01","2026-03-11 02:13:19"
"22933416099","2026-03-11 02:13:30","2026-03-21","Cronulla Sutherland Sharks","Dolphins","1.53","2.51","2026-03-11 02:13:19"
"22933416099","2026-03-11 02:13:30","2026-03-21","South Sydney Rabbitohs","Wests Tigers","1.5","2.62","2026-03-11 02:13:19"
"22933416099","2026-03-11 02:13:30","2026-03-22","Parramatta Eels","St George Illawarra Dragons","1.54","2.5","2026-03-11 02:13:19"
"22933416099","2026-03-11 02:13:30","2026-03-22","North Queensland Cowboys","Gold Coast Titans","1.45","2.78","2026-03-11 02:13:19"
"22933874176","2026-03-11 02:31:16","2026-03-12","Brisbane Broncos","Parramatta Eels","1.26","4.0","2026-03-11 02:30:52"
"22933874176","2026-03-11 02:31:16","2026-03-13","New Zealand Warriors","Canberra Raiders","1.9","2.04","2026-03-11 02:30:52"
"22933874176","2026-03-11 02:31:16","2026-03-13","Sydney Roosters","South Sydney Rabbitohs","1.83","2.1","2026-03-11 02:30:52"
"22933874176","2026-03-11 02:31:16","2026-03-14","Wests Tigers","North Queensland Cowboys","1.62","2.49","2026-03-11 02:30:52"
"22933874176","2026-03-11 02:31:16","2026-03-14","St George Illawarra Dragons","Melbourne Storm","3.16","1.4","2026-03-11 02:30:52"
"22933874176","2026-03-11 02:31:16","2026-03-14","Penrith Panthers","Cronulla Sutherland Sharks","1.33","3.4","2026-03-11 02:30:52"
"22933874176","2026-03-11 02:31:16","2026-03-15","Manly Warringah Sea Eagles","Newcastle Knights","1.6","2.39","2026-03-11 02:30:52"
"22933874176","2026-03-11 02:31:16","2026-03-15","Dolphins","Gold Coast Titans","1.4","3.1","2026-03-11 02:30:52"
"22933874176","2026-03-11 02:31:16","2026-03-19","Canberra Raiders","Canterbury Bulldogs","1.64","2.26","2026-03-11 02:30:52"
"22933874176","2026-03-11 02:31:16","2026-03-20","Sydney Roosters","Penrith Panthers","2.41","1.57","2026-03-11 02:30:52"
"22933874176","2026-03-11 02:31:16","2026-03-20","Melbourne Storm","Brisbane Broncos","1.57","2.42","2026-03-11 02:30:52"
"22933874176","2026-03-11 02:31:16","2026-03-21","Newcastle Knights","New Zealand Warriors","1.83","2.01","2026-03-11 02:30:52"
"22933874176","2026-03-11 02:31:16","2026-03-21","Cronulla Sutherland Sharks","Dolphins","1.53","2.51","2026-03-11 02:30:52"
"22933874176","2026-03-11 02:31:16","2026-03-21","South Sydney Rabbitohs","Wests Tigers","1.5","2.62","2026-03-11 02:30:52"
"22933874176","2026-03-11 02:31:16","2026-03-22","Parramatta Eels","St George Illawarra Dragons","1.54","2.5","2026-03-11 02:30:52"
"22933874176","2026-03-11 02:31:16","2026-03-22","North Queensland Cowboys","Gold Coast Titans","1.45","2.78","2026-03-11 02:30:52"
"22934540035","2026-03-11 02:58:08","2026-03-12","Brisbane Broncos","Parramatta Eels","1.26","4.0","2026-03-11 02:57:56"
"22934540035","2026-03-11 02:58:08","2026-03-13","New Zealand Warriors","Canberra Raiders","1.9","2.04","2026-03-11 02:57:56"
"22934540035","2026-03-11 02:58:08","2026-03-13","Sydney Roosters","South Sydney Rabbitohs","1.83","2.1","2026-03-11 02:57:56"
"22934540035","2026-03-11 02:58:08","2026-03-14","Wests Tigers","North Queensland Cowboys","1.62","2.49","2026-03-11 02:57:56"
"22934540035","2026-03-11 02:58:08","2026-03-14","St George Illawarra Dragons","Melbourne Storm","3.16","1.4","2026-03-11 02:57:56"
"22934540035","2026-03-11 02:58:08","2026-03-14","Penrith Panthers","Cronulla Sutherland Sharks","1.33","3.4","2026-03-11 02:57:56"
"22934540035","2026-03-11 02:58:08","2026-03-15","Manly Warringah Sea Eagles","Newcastle Knights","1.6","2.39","2026-03-11 02:57:56"
"22934540035","2026-03-11 02:58:08","2026-03-15","Dolphins","Gold Coast Titans","1.4","3.1","2026-03-11 02:57:56"
"22934540035","2026-03-11 02:58:08","2026-03-19","Canberra Raiders","Canterbury Bulldogs","1.64","2.26","2026-03-11 02:57:56"
"22934540035","2026-03-11 02:58:08","2026-03-20","Sydney Roosters","Penrith Panthers","2.41","1.57","2026-03-11 02:57:56"
"22934540035","2026-03-11 02:58:08","2026-03-20","Melbourne Storm","Brisbane Broncos","1.57","2.42","2026-03-11 02:57:56"
"22934540035","2026-03-11 02:58:08","2026-03-21","Newcastle Knights","New Zealand Warriors","1.83","2.01","2026-03-11 02:57:56"
"22934540035","2026-03-11 02:58:08","2026-03-21","Cronulla Sutherland Sharks","Dolphins","1.53","2.51","2026-03-11 02:57:56"
"22934540035","2026-03-11 02:58:08","2026-03-21","South Sydney Rabbitohs","Wests Tigers","1.5","2.62","2026-03-11 02:57:56"
"22934540035","2026-03-11 02:58:08","2026-03-22","Parramatta Eels","St George Illawarra Dragons","1.54","2.5","2026-03-11 02:57:56"
"22934540035","2026-03-11 02:58:08","2026-03-22","North Queensland Cowboys","Gold Coast Titans","1.45","2.78","2026-03-11 02:57:56"
"22935446026","2026-03-11 03:35:11","2026-03-12","Brisbane Broncos","Parramatta Eels","1.26","4.0","2026-03-11 03:35:00"
"22935446026","2026-03-11 03:35:11","2026-03-13","New Zealand Warriors","Canberra Raiders","1.9","2.04","2026-03-11 03:35:00"
"22935446026","2026-03-11 03:35:11","2026-03-13","Sydney Roosters","South Sydney Rabbitohs","1.83","2.1","2026-03-11 03:35:00"
"22935446026","2026-03-11 03:35:11","2026-03-14","Wests Tigers","North Queensland Cowboys","1.62","2.49","2026-03-11 03:35:00"
"22935446026","2026-03-11 03:35:11","2026-03-14","St George Illawarra Dragons","Melbourne Storm","3.16","1.4","2026-03-11 03:35:00"
"22935446026","2026-03-11 03:35:11","2026-03-14","Penrith Panthers","Cronulla Sutherland Sharks","1.38","3.25","2026-03-11 03:35:00"
"22935446026","2026-03-11 03:35:11","2026-03-15","Manly Warringah Sea Eagles","Newcastle Knights","1.6","2.39","2026-03-11 03:35:00"
"22935446026","2026-03-11 03:35:11","2026-03-15","Dolphins","Gold Coast Titans","1.4","3.1","2026-03-11 03:35:00"
"22935446026","2026-03-11 03:35:11","2026-03-19","Canberra Raiders","Canterbury Bulldogs","1.64","2.26","2026-03-11 03:35:00"
"22935446026","2026-03-11 03:35:11","2026-03-20","Sydney Roosters","Penrith Panthers","2.41","1.57","2026-03-11 03:35:00"
"22935446026","2026-03-11 03:35:11","2026-03-20","Melbourne Storm","Brisbane Broncos","1.57","2.42","2026-03-11 03:35:00"
"22935446026","2026-03-11 03:35:11","2026-03-21","Newcastle Knights","New Zealand Warriors","1.83","2.01","2026-03-11 03:35:00"
"22935446026","2026-03-11 03:35:11","2026-03-21","Cronulla Sutherland Sharks","Dolphins","1.53","2.51","2026-03-11 03:35:00"
"22935446026","2026-03-11 03:35:11","2026-03-21","South Sydney Rabbitohs","Wests Tigers","1.5","2.62","2026-03-11 03:35:00"
"22935446026","2026-03-11 03:35:11","2026-03-22","Parramatta Eels","St George Illawarra Dragons","1.54","2.5","2026-03-11 03:35:00"
"22935446026","2026-03-11 03:35:11","2026-03-22","North Queensland Cowboys","Gold Coast Titans","1.45","2.78","2026-03-11 03:35:00"
"22935687743","2026-03-11 03:45:28","2026-03-12","Brisbane Broncos","Parramatta Eels","1.26","4.0","2026-03-11 03:45:17"
"22935687743","2026-03-11 03:45:28","2026-03-13","New Zealand Warriors","Canberra Raiders","1.9","2.04","2026-03-11 03:45:17"
"22935687743","2026-03-11 03:45:28","2026-03-13","Sydney Roosters","South Sydney Rabbitohs","1.83","2.1","2026-03-11 03:45:17"
"22935687743","2026-03-11 03:45:28","2026-03-14","Wests Tigers","North Queensland Cowboys","1.62","2.49","2026-03-11 03:45:17"
"22935687743","2026-03-11 03:45:28","2026-03-14","St George Illawarra Dragons","Melbourne Storm","3.16","1.4","2026-03-11 03:45:17"
"22935687743","2026-03-11 03:45:28","2026-03-14","Penrith Panthers","Cronulla Sutherland Sharks","1.38","3.25","2026-03-11 03:45:17"
"22935687743","2026-03-11 03:45:28","2026-03-15","Manly Warringah Sea Eagles","Newcastle Knights","1.6","2.39","2026-03-11 03:45:17"
"22935687743","2026-03-11 03:45:28","2026-03-15","Dolphins","Gold Coast Titans","1.4","3.1","2026-03-11 03:45:17"
"22935687743","2026-03-11 03:45:28","2026-03-19","Canberra Raiders","Canterbury Bulldogs","1.64","2.26","2026-03-11 03:45:17"
"22935687743","2026-03-11 03:45:28","2026-03-20","Sydney Roosters","Penrith Panthers","2.41","1.57","2026-03-11 03:45:17"
"22935687743","2026-03-11 03:45:28","2026-03-20","Melbourne Storm","Brisbane Broncos","1.57","2.42","2026-03-11 03:45:17"
"22935687743","2026-03-11 03:45:28","2026-03-21","Newcastle Knights","New Zealand Warriors","1.83","2.01","2026-03-11 03:45:17"
"22935687743","2026-03-11 03:45:28","2026-03-21","Cronulla Sutherland Sharks","Dolphins","1.53","2.51","2026-03-11 03:45:17"
"22935687743","2026-03-11 03:45:28","2026-03-21","South Sydney Rabbitohs","Wests Tigers","1.5","2.62","2026-03-11 03:45:17"
"22935687743","2026-03-11 03:45:28","2026-03-22","Parramatta Eels","St George Illawarra Dragons","1.54","2.5","2026-03-11 03:45:17"
"22935687743","2026-03-11 03:45:28","2026-03-22","North Queensland Cowboys","Gold Coast Titans","1.45","2.78","2026-03-11 03:45:17"
"22936165217","2026-03-11 04:04:47","2026-03-12","Brisbane Broncos","Parramatta Eels","1.26","4.0","2026-03-11 04:04:36"
"22936165217","2026-03-11 04:04:47","2026-03-13","New Zealand Warriors","Canberra Raiders","1.9","2.04","2026-03-11 04:04:36"
"22936165217","2026-03-11 04:04:47","2026-03-13","Sydney Roosters","South Sydney Rabbitohs","1.83","2.1","2026-03-11 04:04:36"
"22936165217","2026-03-11 04:04:47","2026-03-14","Wests Tigers","North Queensland Cowboys","1.62","2.49","2026-03-11 04:04:36"
"22936165217","2026-03-11 04:04:47","2026-03-14","St George Illawarra Dragons","Melbourne Storm","3.16","1.4","2026-03-11 04:04:36"
"22936165217","2026-03-11 04:04:47","2026-03-14","Penrith Panthers","Cronulla Sutherland Sharks","1.38","3.25","2026-03-11 04:04:36"
"22936165217","2026-03-11 04:04:47","2026-03-15","Manly Warringah Sea Eagles","Newcastle Knights","1.6","2.39","2026-03-11 04:04:36"
"22936165217","2026-03-11 04:04:47","2026-03-15","Dolphins","Gold Coast Titans","1.4","3.1","2026-03-11 04:04:36"
"22936165217","2026-03-11 04:04:47","2026-03-19","Canberra Raiders","Canterbury Bulldogs","1.64","2.26","2026-03-11 04:04:36"
"22936165217","2026-03-11 04:04:47","2026-03-20","Sydney Roosters","Penrith Panthers","2.41","1.57","2026-03-11 04:04:36"
"22936165217","2026-03-11 04:04:47","2026-03-20","Melbourne Storm","Brisbane Broncos","1.57","2.42","2026-03-11 04:04:36"
"22936165217","2026-03-11 04:04:47","2026-03-21","Newcastle Knights","New Zealand Warriors","1.83","2.01","2026-03-11 04:04:36"
"22936165217","2026-03-11 04:04:47","2026-03-21","Cronulla Sutherland Sharks","Dolphins","1.53","2.51","2026-03-11 04:04:36"
"22936165217","2026-03-11 04:04:47","2026-03-21","South Sydney Rabbitohs","Wests Tigers","1.5","2.62","2026-03-11 04:04:36"
"22936165217","2026-03-11 04:04:47","2026-03-22","Parramatta Eels","St George Illawarra Dragons","1.54","2.5","2026-03-11 04:04:36"
"22936165217","2026-03-11 04:04:47","2026-03-22","North Queensland Cowboys","Gold Coast Titans","1.45","2.78","2026-03-11 04:04:36"
"22936380257","2026-03-11 04:13:14","2026-03-12","Brisbane Broncos","Parramatta Eels","1.26","4.0","2026-03-11 04:13:03"
"22936380257","2026-03-11 04:13:14","2026-03-13","New Zealand Warriors","Canberra Raiders","1.9","2.04","2026-03-11 04:13:03"
"22936380257","2026-03-11 04:13:14","2026-03-13","Sydney Roosters","South Sydney Rabbitohs","1.83","2.1","2026-03-11 04:13:03"
"22936380257","2026-03-11 04:13:14","2026-03-14","Wests Tigers","North Queensland Cowboys","1.62","2.49","2026-03-11 04:13:03"
"22936380257","2026-03-11 04:13:14","2026-03-14","St George Illawarra Dragons","Melbourne Storm","3.16","1.4","2026-03-11 04:13:03"
"22936380257","2026-03-11 04:13:14","2026-03-14","Penrith Panthers","Cronulla Sutherland Sharks","1.38","3.25","2026-03-11 04:13:03"
"22936380257","2026-03-11 04:13:14","2026-03-15","Manly Warringah Sea Eagles","Newcastle Knights","1.6","2.39","2026-03-11 04:13:03"
"22936380257","2026-03-11 04:13:14","2026-03-15","Dolphins","Gold Coast Titans","1.4","3.1","2026-03-11 04:13:03"
"22936380257","2026-03-11 04:13:14","2026-03-19","Canberra Raiders","Canterbury Bulldogs","1.64","2.26","2026-03-11 04:13:03"
"22936380257","2026-03-11 04:13:14","2026-03-20","Sydney Roosters","Penrith Panthers","2.41","1.57","2026-03-11 04:13:03"
"22936380257","2026-03-11 04:13:14","2026-03-20","Melbourne Storm","Brisbane Broncos","1.57","2.42","2026-03-11 04:13:03"
"22936380257","2026-03-11 04:13:14","2026-03-21","Newcastle Knights","New Zealand Warriors","1.83","2.01","2026-03-11 04:13:03"
"22936380257","2026-03-11 04:13:14","2026-03-21","Cronulla Sutherland Sharks","Dolphins","1.53","2.51","2026-03-11 04:13:03"
"22936380257","2026-03-11 04:13:14","2026-03-21","South Sydney Rabbitohs","Wests Tigers","1.5","2.62","2026-03-11 04:13:03"
"22936380257","2026-03-11 04:13:14","2026-03-22","Parramatta Eels","St George Illawarra Dragons","1.54","2.5","2026-03-11 04:13:03"
"22936380257","2026-03-11 04:13:14","2026-03-22","North Queensland Cowboys","Gold Coast Titans","1.45","2.78","2026-03-11 04:13:03"
"22936576180","2026-03-11 04:21:11","2026-03-12","Brisbane Broncos","Parramatta Eels","1.26","4.0","2026-03-11 04:21:00"
"22936576180","2026-03-11 04:21:11","2026-03-13","New Zealand Warriors","Canberra Raiders","1.9","2.04","2026-03-11 04:21:00"
"22936576180","2026-03-11 04:21:11","2026-03-13","Sydney Roosters","South Sydney Rabbitohs","1.83","2.1","2026-03-11 04:21:00"
"22936576180","2026-03-11 04:21:11","2026-03-14","Wests Tigers","North Queensland Cowboys","1.62","2.49","2026-03-11 04:21:00"
"22936576180","2026-03-11 04:21:11","2026-03-14","St George Illawarra Dragons","Melbourne Storm","3.16","1.4","2026-03-11 04:21:00"
"22936576180","2026-03-11 04:21:11","2026-03-14","Penrith Panthers","Cronulla Sutherland Sharks","1.38","3.25","2026-03-11 04:21:00"
"22936576180","2026-03-11 04:21:11","2026-03-15","Manly Warringah Sea Eagles","Newcastle Knights","1.6","2.39","2026-03-11 04:21:00"
"22936576180","2026-03-11 04:21:11","2026-03-15","Dolphins","Gold Coast Titans","1.4","3.1","2026-03-11 04:21:00"
"22936576180","2026-03-11 04:21:11","2026-03-19","Canberra Raiders","Canterbury Bulldogs","1.64","2.26","2026-03-11 04:21:00"
"22936576180","2026-03-11 04:21:11","2026-03-20","Sydney Roosters","Penrith Panthers","2.41","1.57","2026-03-11 04:21:00"
"22936576180","2026-03-11 04:21:11","2026-03-20","Melbourne Storm","Brisbane Broncos","1.57","2.42","2026-03-11 04:21:00"
"22936576180","2026-03-11 04:21:11","2026-03-21","Newcastle Knights","New Zealand Warriors","1.83","2.01","2026-03-11 04:21:00"
"22936576180","2026-03-11 04:21:11","2026-03-21","Cronulla Sutherland Sharks","Dolphins","1.53","2.51","2026-03-11 04:21:00"
"22936576180","2026-03-11 04:21:11","2026-03-21","South Sydney Rabbitohs","Wests Tigers","1.5","2.62","2026-03-11 04:21:00"
"22936576180","2026-03-11 04:21:11","2026-03-22","Parramatta Eels","St George Illawarra Dragons","1.54","2.5","2026-03-11 04:21:00"
"22936576180","2026-03-11 04:21:11","2026-03-22","North Queensland Cowboys","Gold Coast Titans","1.45","2.78","2026-03-11 04:21:00"
"22938975867","2026-03-11 05:55:36","2026-03-12","Brisbane Broncos","Parramatta Eels","1.26","4.0","2026-03-11 05:55:26"
"22938975867","2026-03-11 05:55:36","2026-03-13","New Zealand Warriors","Canberra Raiders","1.85","2.04","2026-03-11 05:55:26"
"22938975867","2026-03-11 05:55:36","2026-03-13","Sydney Roosters","South Sydney Rabbitohs","1.83","2.1","2026-03-11 05:55:26"
"22938975867","2026-03-11 05:55:36","2026-03-14","Wests Tigers","North Queensland Cowboys","1.62","2.49","2026-03-11 05:55:26"
"22938975867","2026-03-11 05:55:36","2026-03-14","St George Illawarra Dragons","Melbourne Storm","3.16","1.4","2026-03-11 05:55:26"
"22938975867","2026-03-11 05:55:36","2026-03-14","Penrith Panthers","Cronulla Sutherland Sharks","1.38","3.25","2026-03-11 05:55:26"
"22938975867","2026-03-11 05:55:36","2026-03-15","Manly Warringah Sea Eagles","Newcastle Knights","1.6","2.39","2026-03-11 05:55:26"
"22938975867","2026-03-11 05:55:36","2026-03-15","Dolphins","Gold Coast Titans","1.4","3.1","2026-03-11 05:55:26"
"22938975867","2026-03-11 05:55:36","2026-03-19","Canberra Raiders","Canterbury Bulldogs","1.64","2.26","2026-03-11 05:55:26"
"22938975867","2026-03-11 05:55:36","2026-03-20","Sydney Roosters","Penrith Panthers","2.41","1.57","2026-03-11 05:55:26"
"22938975867","2026-03-11 05:55:36","2026-03-20","Melbourne Storm","Brisbane Broncos","1.57","2.42","2026-03-11 05:55:26"
"22938975867","2026-03-11 05:55:36","2026-03-21","Newcastle Knights","New Zealand Warriors","1.83","2.01","2026-03-11 05:55:26"
"22938975867","2026-03-11 05:55:36","2026-03-21","Cronulla Sutherland Sharks","Dolphins","1.53","2.51","2026-03-11 05:55:26"
"22938975867","2026-03-11 05:55:36","2026-03-21","South Sydney Rabbitohs","Wests Tigers","1.5","2.62","2026-03-11 05:55:26"
"22938975867","2026-03-11 05:55:36","2026-03-22","Parramatta Eels","St George Illawarra Dragons","1.54","2.5","2026-03-11 05:55:26"
"22938975867","2026-03-11 05:55:36","2026-03-22","North Queensland Cowboys","Gold Coast Titans","1.45","2.78","2026-03-11 05:55:26"
