{
  "atk": {
    "Broncos": 3.2076867939682043,
    "Bulldogs": -1.058859739721072,
    "Cowboys": -0.04084996268069463,
    "Dolphins": 4.639778728566464,
    "Dragons": -1.8926434032246455,
    "Eels": 0.34133255998383105,
    "Knights": -4.789445460150658,
    "Panthers": 1.8578614403158467,
    "Rabbitohs": -2.524253078714806,
    "Raiders": 0.4596106953817982,
    "Roosters": 2.9146034862250065,
    "Sea Eagles": -0.044862893487212396,
    "Sharks": 1.1917605338178858,
    "Storm": 0.45907534800047145,
    "Titans": -0.48093849173976755,
    "Warriors": -2.181336415753508,
    "Wests Tigers": -2.058520140787145
  },
  "dfn": {
    "Broncos": 1.866322946070165,
    "Bulldogs": 1.6024450494893814,
    "Cowboys": -2.154433032235441,
    "Dolphins": -3.060600867537813,
    "Dragons": -2.191266597314957,
    "Eels": 1.0707761524221369,
    "Knights": -5.051677490861239,
    "Panthers": 3.5940299923952805,
    "Rabbitohs": -0.6513612094121404,
    "Raiders": -0.30596289386909814,
    "Roosters": 3.0390665090381344,
    "Sea Eagles": 0.06523244144867102,
    "Sharks": 3.4625258297136057,
    "Storm": 2.4677083161277773,
    "Titans": -3.636171887433715,
    "Warriors": 1.1630933979537226,
    "Wests Tigers": -1.2797266559944742
  },
  "home_adv": 5.393145312343305,
  "mu": 18.001025577805365
}