{
  "atk": {
    "Broncos": 3.237678032246723,
    "Bulldogs": -1.0631917691709294,
    "Cowboys": -0.04125003299252272,
    "Dolphins": 4.695577984661844,
    "Dragons": -1.9099935676448583,
    "Eels": 0.34494611467584835,
    "Knights": -4.841161326094018,
    "Panthers": 1.872800281317561,
    "Rabbitohs": -2.550789947480982,
    "Raiders": 0.4617355059769048,
    "Roosters": 2.9488443923600554,
    "Sea Eagles": -0.046055816545446104,
    "Sharks": 1.201147897009672,
    "Storm": 0.4694745335333712,
    "Titans": -0.4859273355725916,
    "Warriors": -2.2097138537407606,
    "Wests Tigers": -2.0841210925398705
  },
  "dfn": {
    "Broncos": 1.8887515257337775,
    "Bulldogs": 1.624750122383261,
    "Cowboys": -2.1796115792407793,
    "Dolphins": -3.0980902505675,
    "Dragons": -2.216447300221903,
    "Eels": 1.0804288196105736,
    "Knights": -5.108586965322105,
    "Panthers": 3.627666123919812,
    "Rabbitohs": -0.6565094661525266,
    "Raiders": -0.3062958980618218,
    "Roosters": 3.074093164379378,
    "Sea Eagles": 0.0644914031584668,
    "Sharks": 3.5005256989982128,
    "Storm": 2.5013131675007507,
    "Titans": -3.6784286020704258,
    "Warriors": 1.177760618806223,
    "Wests Tigers": -1.2958105828533955
  },
  "home_adv": 5.382954164183877,
  "mu": 18.02488711885258
}