{
  "atk": {
    "Broncos": 3.3267628208516964,
    "Bulldogs": -1.0751353328502473,
    "Cowboys": -0.04265290007062661,
    "Dolphins": 4.862413336100408,
    "Dragons": -1.961335382258044,
    "Eels": 0.3555906668110178,
    "Knights": -4.995358032257577,
    "Panthers": 1.917085198851761,
    "Rabbitohs": -2.6299472633819523,
    "Raiders": 0.4676711758105552,
    "Roosters": 3.051249655053647,
    "Sea Eagles": -0.04981838260577387,
    "Sharks": 1.2289956055980147,
    "Storm": 0.5013524860346681,
    "Titans": -0.5008842871338661,
    "Warriors": -2.2949692491090996,
    "Wests Tigers": -2.161020115444585
  },
  "dfn": {
    "Broncos": 1.9556634100765424,
    "Bulldogs": 1.6916443530443268,
    "Cowboys": -2.254669285475686,
    "Dolphins": -3.210275967376472,
    "Dragons": -2.291607771744912,
    "Eels": 1.1090222943898693,
    "Knights": -5.278302009988304,
    "Panthers": 3.7271012761994804,
    "Rabbitohs": -0.6712875584396154,
    "Raiders": -0.3070428434908987,
    "Roosters": 3.178817758842791,
    "Sea Eagles": 0.06223782101418007,
    "Sharks": 3.613716112282363,
    "Storm": 2.601882241817713,
    "Titans": -3.8046925004245415,
    "Warriors": 1.2217005177586142,
    "Wests Tigers": -1.3439078484854492
  },
  "home_adv": 5.353124806544733,
  "mu": 18.093790770782217
}