{
  "atk": {
    "Broncos": 3.252620507151682,
    "Bulldogs": -1.0652917468142555,
    "Cowboys": -0.041462763029247895,
    "Dolphins": 4.723447682381517,
    "Dragons": -1.9186258028983283,
    "Eels": 0.34674087744431525,
    "Knights": -4.8669644851969025,
    "Panthers": 1.8802374057016094,
    "Rabbitohs": -2.5640324348082757,
    "Raiders": 0.46277059662252595,
    "Roosters": 2.965948177915995,
    "Sea Eagles": -0.04666397856964166,
    "Sharks": 1.2058224981828456,
    "Storm": 0.47471815552664887,
    "Titans": -0.48842160480779795,
    "Warriors": -2.223913002232138,
    "Wests Tigers": -2.0969300825705472
  },
  "dfn": {
    "Broncos": 1.8999444111979433,
    "Bulldogs": 1.6359036352095853,
    "Cowboys": -2.1921733208197516,
    "Dolphins": -3.116820726206147,
    "Dragons": -2.22901603122492,
    "Eels": 1.0852331883552573,
    "Knights": -5.13698349567715,
    "Panthers": 3.644394498048004,
    "Rabbitohs": -0.6590423335022557,
    "Raiders": -0.30644644252290987,
    "Roosters": 3.0915874342937837,
    "Sea Eagles": 0.06411887461920562,
    "Sharks": 3.519478285678902,
    "Storm": 2.518103657291718,
    "Titans": -3.69952911426522,
    "Warriors": 1.1850918242138904,
    "Wests Tigers": -1.3038443446899377
  },
  "home_adv": 5.377904529803581,
  "mu": 18.036648297441744
}