{
  "atk": {
    "Broncos": 4.064880471359277,
    "Bulldogs": -1.119581527470055,
    "Cowboys": -0.06855470347883541,
    "Dolphins": 6.309327542865958,
    "Dragons": -2.3732454918960926,
    "Eels": 0.4385585489367938,
    "Knights": -6.306208858053163,
    "Panthers": 2.2809368967589747,
    "Rabbitohs": -3.3052326669574854,
    "Raiders": 0.49269676203678503,
    "Roosters": 3.9414074789479874,
    "Sea Eagles": -0.09422843442680073,
    "Sharks": 1.459335721784591,
    "Storm": 0.8237093059749625,
    "Titans": -0.6334447035756194,
    "Warriors": -3.0603633729098325,
    "Wests Tigers": -2.8499929698974418
  },
  "dfn": {
    "Broncos": 2.5277276279775576,
    "Bulldogs": 2.283073232320614,
    "Cowboys": -2.8909759337243854,
    "Dolphins": -4.1903498028139605,
    "Dragons": -2.9364114879069865,
    "Eels": 1.3402716338513945,
    "Knights": -6.723325997415758,
    "Panthers": 4.523027704624335,
    "Rabbitohs": -0.75974207166007,
    "Raiders": -0.2995830712480023,
    "Roosters": 4.088197780960929,
    "Sea Eagles": 0.04050104461796589,
    "Sharks": 4.570882800171839,
    "Storm": 3.477515076787639,
    "Titans": -4.896188213370681,
    "Warriors": 1.6075770157001585,
    "Wests Tigers": -1.7621973388725864
  },
  "home_adv": 5.131418023522061,
  "mu": 18.5717219699254
}