{
  "atk": {
    "Broncos": 3.326762820851697,
    "Bulldogs": -1.0751353328502462,
    "Cowboys": -0.042652900070626165,
    "Dolphins": 4.862413336100406,
    "Dragons": -1.9613353822580435,
    "Eels": 0.35559066681101714,
    "Knights": -4.995358032257576,
    "Panthers": 1.9170851988517632,
    "Rabbitohs": -2.6299472633819523,
    "Raiders": 0.46767117581055606,
    "Roosters": 3.051249655053646,
    "Sea Eagles": -0.04981838260577365,
    "Sharks": 1.2289956055980147,
    "Storm": 0.5013524860346685,
    "Titans": -0.5008842871338658,
    "Warriors": -2.294969249109099,
    "Wests Tigers": -2.161020115444585
  },
  "dfn": {
    "Broncos": 1.9556634100765415,
    "Bulldogs": 1.691644353044327,
    "Cowboys": -2.254669285475687,
    "Dolphins": -3.210275967376472,
    "Dragons": -2.2916077717449137,
    "Eels": 1.1090222943898695,
    "Knights": -5.278302009988304,
    "Panthers": 3.7271012761994826,
    "Rabbitohs": -0.6712875584396147,
    "Raiders": -0.30704284349089894,
    "Roosters": 3.1788177588427904,
    "Sea Eagles": 0.06223782101417985,
    "Sharks": 3.6137161122823644,
    "Storm": 2.6018822418177137,
    "Titans": -3.8046925004245407,
    "Warriors": 1.2217005177586133,
    "Wests Tigers": -1.3439078484854492
  },
  "home_adv": 5.353124806544742,
  "mu": 18.093790770782203
}