{
  "atk": {
    "Broncos": 3.2972237102606687,
    "Bulldogs": -1.0713286824275194,
    "Cowboys": -0.04215161102726528,
    "Dolphins": 4.8069119488474,
    "Dragons": -1.9443441317104528,
    "Eels": 0.3520759284121371,
    "Knights": -4.9441324437338245,
    "Panthers": 1.902415108440969,
    "Rabbitohs": -2.6036446343618076,
    "Raiders": 0.46576605714475616,
    "Roosters": 3.017177609083964,
    "Sea Eagles": -0.048534255873527554,
    "Sharks": 1.2197672366397079,
    "Storm": 0.4906179583356789,
    "Titans": -0.4959016617604205,
    "Warriors": -2.266539037792371,
    "Wests Tigers": -2.135379098478091
  },
  "dfn": {
    "Broncos": 1.9334280079284536,
    "Bulldogs": 1.6693570878821524,
    "Cowboys": -2.2297371526949097,
    "Dolphins": -3.1729387745530673,
    "Dragons": -2.2666250014615,
    "Eels": 1.0995544818857563,
    "Knights": -5.221915561579109,
    "Panthers": 3.6942093026786154,
    "Rabbitohs": -0.6664738882473327,
    "Raiders": -0.3068352099107756,
    "Roosters": 3.1439788547895615,
    "Sea Eagles": 0.06299375638384408,
    "Sharks": 3.576131109071934,
    "Storm": 2.568411000865553,
    "Titans": -3.762701016541879,
    "Warriors": 1.207068827466157,
    "Wests Tigers": -1.3279058239634556
  },
  "home_adv": 5.362942173705017,
  "mu": 18.07126322577435
}