{
  "atk": {
    "Broncos": 3.2226998004239205,
    "Bulldogs": -1.0610477938663012,
    "Cowboys": -0.04104576401377513,
    "Dolphins": 4.667687633186394,
    "Dragons": -1.9013325701622583,
    "Eels": 0.3431433083704927,
    "Knights": -4.815321023630655,
    "Panthers": 1.8653414998368976,
    "Rabbitohs": -2.5375298412595075,
    "Raiders": 0.46068218780241676,
    "Roosters": 2.9317290700047667,
    "Sea Eagles": -0.045455427673294135,
    "Sharks": 1.1964604983212261,
    "Storm": 0.4642600679419331,
    "Titans": -0.48343290521344895,
    "Warriors": -2.195521294427394,
    "Wests Tigers": -2.0713174456414123
  },
  "dfn": {
    "Broncos": 1.877544106669312,
    "Bulldogs": 1.613596954755058,
    "Cowboys": -2.167031167644349,
    "Dolphins": -3.0793498376552417,
    "Dragons": -2.2038638554234864,
    "Eels": 1.075609696025867,
    "Knights": -5.080150939318556,
    "Panthers": 3.6108776277679224,
    "Rabbitohs": -0.6539490321625132,
    "Raiders": -0.3061347411114963,
    "Roosters": 3.0565857667773666,
    "Sea Eagles": 0.06486260612664685,
    "Sharks": 3.481541111466848,
    "Storm": 2.484514263503022,
    "Titans": -3.6573090171047893,
    "Warriors": 1.170427615362189,
    "Wests Tigers": -1.2877711580338
  },
  "home_adv": 5.388034507659598,
  "mu": 18.013013150777073
}