{
  "atk": {
    "Broncos": 3.28239430440809,
    "Bulldogs": -1.0693600929222542,
    "Cowboys": -0.04191356572243721,
    "Dolphins": 4.779116747481339,
    "Dragons": -1.935801656858958,
    "Eels": 0.35030587935574786,
    "Knights": -4.918451898357476,
    "Panthers": 1.89504518779565,
    "Rabbitohs": -2.590460727770295,
    "Raiders": 0.46478591106627865,
    "Roosters": 3.000116053099271,
    "Sea Eagles": -0.04790328511375286,
    "Sharks": 1.215132393490953,
    "Storm": 0.4852904750989311,
    "Titans": -0.49340894650627043,
    "Warriors": -2.2523266904377426,
    "Wests Tigers": -2.122560088107072
  },
  "dfn": {
    "Broncos": 1.9222834337219545,
    "Bulldogs": 1.658208032391168,
    "Cowboys": -2.2172370385999347,
    "Dolphins": -3.15424636024939,
    "Dragons": -2.254105771277951,
    "Eels": 1.0947963434679382,
    "Knights": -5.193649836315122,
    "Panthers": 3.677667029655713,
    "Rabbitohs": -0.6640247005128486,
    "Raiders": -0.3067160155405868,
    "Roosters": 3.126531537956966,
    "Sea Eagles": 0.06337000915576807,
    "Sharks": 3.557282274557454,
    "Storm": 2.551653933098026,
    "Titans": -3.741666835313338,
    "Warriors": 1.199746509773474,
    "Wests Tigers": -1.3198925459692943
  },
  "home_adv": 5.367898317528418,
  "mu": 18.059835539659343
}