{
  "atk": {
    "Broncos": 3.2675262522726998,
    "Bulldogs": -1.0673478198198498,
    "Cowboys": -0.04168394469388392,
    "Dolphins": 4.751294632286042,
    "Dragons": -1.9272286913653838,
    "Eels": 0.3485274977805708,
    "Knights": -4.892728629371007,
    "Panthers": 1.887652498087044,
    "Rabbitohs": -2.5772563456699764,
    "Raiders": 0.46378741223191255,
    "Roosters": 2.9830391544154917,
    "Sea Eagles": -0.04727983003824643,
    "Sharks": 1.2104840725950938,
    "Storm": 0.4799903372963057,
    "Titans": -0.49091553462569626,
    "Warriors": -2.2381176462784955,
    "Wests Tigers": -2.1097434151026233
  },
  "dfn": {
    "Broncos": 1.9111219750865964,
    "Bulldogs": 1.6470565769298258,
    "Cowboys": -2.2047154520209933,
    "Dolphins": -3.1355398873963747,
    "Dragons": -2.2415691521733008,
    "Eels": 1.09002247170658,
    "Knights": -5.165338469004376,
    "Panthers": 3.66106178344148,
    "Rabbitohs": -0.6615474650762845,
    "Raiders": -0.30658645437752075,
    "Roosters": 3.1090673123174204,
    "Sea Eagles": 0.06374506259126889,
    "Sharks": 3.5383975737306805,
    "Storm": 2.5348843663955005,
    "Titans": -3.7206090309851962,
    "Warriors": 1.1924206485051723,
    "Wests Tigers": -1.3118718596704844
  },
  "home_adv": 5.372885839892871,
  "mu": 18.04829750033906
}