{
  "atk": {
    "Broncos": 3.2675262522726953,
    "Bulldogs": -1.0673478198198496,
    "Cowboys": -0.04168394469388259,
    "Dolphins": 4.751294632286043,
    "Dragons": -1.927228691365383,
    "Eels": 0.3485274977805719,
    "Knights": -4.892728629371008,
    "Panthers": 1.8876524980870413,
    "Rabbitohs": -2.577256345669976,
    "Raiders": 0.46378741223191255,
    "Roosters": 2.9830391544154926,
    "Sea Eagles": -0.04727983003824532,
    "Sharks": 1.210484072595093,
    "Storm": 0.4799903372963068,
    "Titans": -0.4909155346256947,
    "Warriors": -2.2381176462784946,
    "Wests Tigers": -2.1097434151026224
  },
  "dfn": {
    "Broncos": 1.9111219750865964,
    "Bulldogs": 1.6470565769298258,
    "Cowboys": -2.2047154520209933,
    "Dolphins": -3.135539887396372,
    "Dragons": -2.2415691521733008,
    "Eels": 1.0900224717065798,
    "Knights": -5.165338469004376,
    "Panthers": 3.661061783441478,
    "Rabbitohs": -0.6615474650762856,
    "Raiders": -0.3065864543775201,
    "Roosters": 3.1090673123174204,
    "Sea Eagles": 0.06374506259126822,
    "Sharks": 3.5383975737306805,
    "Storm": 2.534884366395498,
    "Titans": -3.720609030985192,
    "Warriors": 1.192420648505172,
    "Wests Tigers": -1.3118718596704808
  },
  "home_adv": 5.372885839892861,
  "mu": 18.04829750033907
}