{
  "atk": {
    "Broncos": 3.312013526672159,
    "Bulldogs": -1.0732537160678093,
    "Cowboys": -0.042398062709066764,
    "Dolphins": 4.834678165642199,
    "Dragons": -1.9528555569127761,
    "Eels": 0.3538375537663365,
    "Knights": -4.9697684294334525,
    "Panthers": 1.9097618979947657,
    "Rabbitohs": -2.616807124514631,
    "Raiders": 0.46672782023008663,
    "Roosters": 3.0342225617377694,
    "Sea Eagles": -0.0491726523556697,
    "Sharks": 1.2243883803690747,
    "Storm": 0.49597216981775305,
    "Titans": -0.49839350158765205,
    "Warriors": -2.2807535902940774,
    "Wests Tigers": -2.1481994423550104
  },
  "dfn": {
    "Broncos": 1.9445549232352863,
    "Bulldogs": 1.6805028314213168,
    "Cowboys": -2.242214873090306,
    "Dolphins": -3.1916157641605283,
    "Dragons": -2.2791259605971774,
    "Eels": 1.1042965697330154,
    "Knights": -5.250133622284237,
    "Panthers": 3.710687685087865,
    "Rabbitohs": -0.6688948855302388,
    "Raiders": -0.3069441233214292,
    "Roosters": 3.1614080108212246,
    "Sea Eagles": 0.0626163463281384,
    "Sharks": 3.594942808017083,
    "Storm": 2.5851542187545773,
    "Titans": -3.7837100705911384,
    "Warriors": 1.2143870225638536,
    "Wests Tigers": -1.3359111163873054
  },
  "home_adv": 5.35801760755139,
  "mu": 18.082581367249382
}